Date_reported,Country_code,Country,WHO_region,New_cases,Cumulative_cases,New_deaths,Cumulative_deaths
1/03/20,GT,Guatemala,AMRO,0,0,0,0
1/04/20,GT,Guatemala,AMRO,0,0,0,0
1/05/20,GT,Guatemala,AMRO,0,0,0,0
1/06/20,GT,Guatemala,AMRO,0,0,0,0
1/07/20,GT,Guatemala,AMRO,0,0,0,0
1/08/20,GT,Guatemala,AMRO,0,0,0,0
1/09/20,GT,Guatemala,AMRO,0,0,0,0
1/10/20,GT,Guatemala,AMRO,0,0,0,0
1/11/20,GT,Guatemala,AMRO,0,0,0,0
1/12/20,GT,Guatemala,AMRO,0,0,0,0
1/13/2020,GT,Guatemala,AMRO,0,0,0,0
1/14/2020,GT,Guatemala,AMRO,0,0,0,0
1/15/2020,GT,Guatemala,AMRO,0,0,0,0
1/16/2020,GT,Guatemala,AMRO,0,0,0,0
1/17/2020,GT,Guatemala,AMRO,0,0,0,0
1/18/2020,GT,Guatemala,AMRO,0,0,0,0
1/19/2020,GT,Guatemala,AMRO,0,0,0,0
1/20/2020,GT,Guatemala,AMRO,0,0,0,0
1/21/2020,GT,Guatemala,AMRO,0,0,0,0
1/22/2020,GT,Guatemala,AMRO,0,0,0,0
1/23/2020,GT,Guatemala,AMRO,0,0,0,0
1/24/2020,GT,Guatemala,AMRO,0,0,0,0
1/25/2020,GT,Guatemala,AMRO,0,0,0,0
1/26/2020,GT,Guatemala,AMRO,0,0,0,0
1/27/2020,GT,Guatemala,AMRO,0,0,0,0
1/28/2020,GT,Guatemala,AMRO,0,0,0,0
1/29/2020,GT,Guatemala,AMRO,0,0,0,0
1/30/2020,GT,Guatemala,AMRO,0,0,0,0
1/31/2020,GT,Guatemala,AMRO,0,0,0,0
2/01/20,GT,Guatemala,AMRO,0,0,0,0
2/02/20,GT,Guatemala,AMRO,0,0,0,0
2/03/20,GT,Guatemala,AMRO,0,0,0,0
2/04/20,GT,Guatemala,AMRO,0,0,0,0
2/05/20,GT,Guatemala,AMRO,0,0,0,0
2/06/20,GT,Guatemala,AMRO,0,0,0,0
2/07/20,GT,Guatemala,AMRO,0,0,0,0
2/08/20,GT,Guatemala,AMRO,0,0,0,0
2/09/20,GT,Guatemala,AMRO,0,0,0,0
2/10/20,GT,Guatemala,AMRO,0,0,0,0
2/11/20,GT,Guatemala,AMRO,0,0,0,0
2/12/20,GT,Guatemala,AMRO,0,0,0,0
2/13/2020,GT,Guatemala,AMRO,0,0,0,0
2/14/2020,GT,Guatemala,AMRO,0,0,0,0
2/15/2020,GT,Guatemala,AMRO,0,0,0,0
2/16/2020,GT,Guatemala,AMRO,0,0,0,0
2/17/2020,GT,Guatemala,AMRO,0,0,0,0
2/18/2020,GT,Guatemala,AMRO,0,0,0,0
2/19/2020,GT,Guatemala,AMRO,0,0,0,0
2/20/2020,GT,Guatemala,AMRO,0,0,0,0
2/21/2020,GT,Guatemala,AMRO,0,0,0,0
2/22/2020,GT,Guatemala,AMRO,0,0,0,0
2/23/2020,GT,Guatemala,AMRO,0,0,0,0
2/24/2020,GT,Guatemala,AMRO,0,0,0,0
2/25/2020,GT,Guatemala,AMRO,0,0,0,0
2/26/2020,GT,Guatemala,AMRO,0,0,0,0
2/27/2020,GT,Guatemala,AMRO,0,0,0,0
2/28/2020,GT,Guatemala,AMRO,0,0,0,0
2/29/2020,GT,Guatemala,AMRO,0,0,0,0
3/01/20,GT,Guatemala,AMRO,0,0,0,0
3/02/20,GT,Guatemala,AMRO,0,0,0,0
3/03/20,GT,Guatemala,AMRO,0,0,0,0
3/04/20,GT,Guatemala,AMRO,0,0,0,0
3/05/20,GT,Guatemala,AMRO,0,0,0,0
3/06/20,GT,Guatemala,AMRO,0,0,0,0
3/07/20,GT,Guatemala,AMRO,0,0,0,0
3/08/20,GT,Guatemala,AMRO,0,0,0,0
3/09/20,GT,Guatemala,AMRO,0,0,0,0
3/10/20,GT,Guatemala,AMRO,0,0,0,0
3/11/20,GT,Guatemala,AMRO,0,0,0,0
3/12/20,GT,Guatemala,AMRO,0,0,0,0
3/13/2020,GT,Guatemala,AMRO,0,0,0,0
3/14/2020,GT,Guatemala,AMRO,0,0,0,0
3/15/2020,GT,Guatemala,AMRO,1,1,0,0
3/16/2020,GT,Guatemala,AMRO,0,1,0,0
3/17/2020,GT,Guatemala,AMRO,0,1,0,0
3/18/2020,GT,Guatemala,AMRO,5,6,1,1
3/19/2020,GT,Guatemala,AMRO,0,6,0,1
3/20/2020,GT,Guatemala,AMRO,1,7,0,1
3/21/2020,GT,Guatemala,AMRO,2,9,0,1
3/22/2020,GT,Guatemala,AMRO,3,12,0,1
3/23/2020,GT,Guatemala,AMRO,6,18,0,1
3/24/2020,GT,Guatemala,AMRO,1,19,0,1
3/25/2020,GT,Guatemala,AMRO,2,21,0,1
3/26/2020,GT,Guatemala,AMRO,3,24,0,1
3/27/2020,GT,Guatemala,AMRO,0,24,0,1
3/28/2020,GT,Guatemala,AMRO,1,25,0,1
3/29/2020,GT,Guatemala,AMRO,52,77,0,1
3/30/2020,GT,Guatemala,AMRO,2,79,0,1
3/31/2020,GT,Guatemala,AMRO,0,36,0,1
4/01/20,GT,Guatemala,AMRO,0,36,0,1
4/02/20,GT,Guatemala,AMRO,3,39,0,1
4/03/20,GT,Guatemala,AMRO,8,47,0,1
4/04/20,GT,Guatemala,AMRO,3,50,0,1
4/05/20,GT,Guatemala,AMRO,0,50,0,1
4/06/20,GT,Guatemala,AMRO,11,61,1,2
4/07/20,GT,Guatemala,AMRO,9,70,1,3
4/08/20,GT,Guatemala,AMRO,7,77,0,3
4/09/20,GT,Guatemala,AMRO,10,87,0,3
4/10/20,GT,Guatemala,AMRO,8,95,0,3
4/11/20,GT,Guatemala,AMRO,31,126,0,3
4/12/20,GT,Guatemala,AMRO,11,137,0,3
4/13/2020,GT,Guatemala,AMRO,16,153,0,3
4/14/2020,GT,Guatemala,AMRO,3,156,2,5
4/15/2020,GT,Guatemala,AMRO,11,167,0,5
4/16/2020,GT,Guatemala,AMRO,13,180,0,5
4/17/2020,GT,Guatemala,AMRO,16,196,0,5
4/18/2020,GT,Guatemala,AMRO,18,214,2,7
4/19/2020,GT,Guatemala,AMRO,21,235,0,7
4/20/2020,GT,Guatemala,AMRO,22,257,0,7
4/21/2020,GT,Guatemala,AMRO,32,289,0,7
4/22/2020,GT,Guatemala,AMRO,5,294,2,9
4/23/2020,GT,Guatemala,AMRO,22,316,0,8
4/24/2020,GT,Guatemala,AMRO,26,342,2,10
4/25/2020,GT,Guatemala,AMRO,42,384,1,11
4/26/2020,GT,Guatemala,AMRO,46,430,2,13
4/27/2020,GT,Guatemala,AMRO,43,473,2,15
4/28/2020,GT,Guatemala,AMRO,27,500,0,15
4/29/2020,GT,Guatemala,AMRO,30,530,0,15
4/30/2020,GT,Guatemala,AMRO,27,557,1,16
5/01/20,GT,Guatemala,AMRO,28,585,0,16
5/02/20,GT,Guatemala,AMRO,14,599,0,16
5/03/20,GT,Guatemala,AMRO,45,644,2,18
5/04/20,GT,Guatemala,AMRO,44,688,0,17
5/05/20,GT,Guatemala,AMRO,15,703,0,17
5/06/20,GT,Guatemala,AMRO,27,730,2,19
5/07/20,GT,Guatemala,AMRO,33,763,0,19
5/08/20,GT,Guatemala,AMRO,35,798,2,21
5/09/20,GT,Guatemala,AMRO,34,832,2,23
5/10/20,GT,Guatemala,AMRO,68,900,1,24
5/11/20,GT,Guatemala,AMRO,67,967,0,24
5/12/20,GT,Guatemala,AMRO,85,1052,2,26
5/13/2020,GT,Guatemala,AMRO,62,1114,0,26
5/14/2020,GT,Guatemala,AMRO,85,1199,1,27
5/15/2020,GT,Guatemala,AMRO,143,1342,2,29
5/16/2020,GT,Guatemala,AMRO,176,1518,0,29
5/17/2020,GT,Guatemala,AMRO,125,1643,1,30
5/18/2020,GT,Guatemala,AMRO,120,1763,3,33
5/19/2020,GT,Guatemala,AMRO,149,1912,2,35
5/20/2020,GT,Guatemala,AMRO,89,2001,3,38
5/21/2020,GT,Guatemala,AMRO,132,2133,5,43
5/22/2020,GT,Guatemala,AMRO,132,2265,2,45
5/23/2020,GT,Guatemala,AMRO,247,2512,3,48
5/24/2020,GT,Guatemala,AMRO,231,2743,5,53
5/25/2020,GT,Guatemala,AMRO,311,3054,4,57
5/26/2020,GT,Guatemala,AMRO,370,3424,1,58
5/27/2020,GT,Guatemala,AMRO,336,3760,1,59
5/28/2020,GT,Guatemala,AMRO,194,3954,4,63
5/29/2020,GT,Guatemala,AMRO,191,4145,5,68
5/30/2020,GT,Guatemala,AMRO,203,4348,12,80
5/31/2020,GT,Guatemala,AMRO,259,4607,10,90
6/01/20,GT,Guatemala,AMRO,132,4739,12,102
6/02/20,GT,Guatemala,AMRO,348,5087,6,108
6/03/20,GT,Guatemala,AMRO,249,5336,8,116
6/04/20,GT,Guatemala,AMRO,250,5586,7,123
6/05/20,GT,Guatemala,AMRO,174,5760,20,143
6/06/20,GT,Guatemala,AMRO,394,6154,15,158
6/07/20,GT,Guatemala,AMRO,331,6485,58,216
6/08/20,GT,Guatemala,AMRO,307,6792,14,230
6/09/20,GT,Guatemala,AMRO,263,7055,22,252
6/10/20,GT,Guatemala,AMRO,447,7502,15,267
6/11/20,GT,Guatemala,AMRO,364,7866,22,289
6/12/20,GT,Guatemala,AMRO,355,8221,27,316
6/13/2020,GT,Guatemala,AMRO,340,8561,18,334
6/14/2020,GT,Guatemala,AMRO,421,8982,17,351
6/15/2020,GT,Guatemala,AMRO,509,9491,16,367
6/16/2020,GT,Guatemala,AMRO,354,9845,17,384
6/17/2020,GT,Guatemala,AMRO,427,10272,15,399
6/18/2020,GT,Guatemala,AMRO,434,10706,19,418
6/19/2020,GT,Guatemala,AMRO,545,11251,14,432
6/20/2020,GT,Guatemala,AMRO,617,11868,17,449
6/21/2020,GT,Guatemala,AMRO,641,12509,34,483
6/22/2020,GT,Guatemala,AMRO,246,12755,31,514
6/23/2020,GT,Guatemala,AMRO,390,13145,17,531
6/24/2020,GT,Guatemala,AMRO,624,13769,16,547
6/25/2020,GT,Guatemala,AMRO,771,14540,35,582
6/26/2020,GT,Guatemala,AMRO,279,14819,19,601
6/27/2020,GT,Guatemala,AMRO,800,15619,22,623
6/28/2020,GT,Guatemala,AMRO,209,15828,49,672
6/29/2020,GT,Guatemala,AMRO,569,16397,34,706
6/30/2020,GT,Guatemala,AMRO,533,16930,21,727
7/01/20,GT,Guatemala,AMRO,479,17409,19,746
7/02/20,GT,Guatemala,AMRO,687,18096,27,773
7/03/20,GT,Guatemala,AMRO,915,19011,44,817
7/04/20,GT,Guatemala,AMRO,1061,20072,26,843
7/05/20,GT,Guatemala,AMRO,1221,21293,37,880
7/06/20,GT,Guatemala,AMRO,1208,22501,40,920
7/07/20,GT,Guatemala,AMRO,747,23248,27,947
7/08/20,GT,Guatemala,AMRO,724,23972,34,981
7/09/20,GT,Guatemala,AMRO,815,24787,23,1004
7/10/20,GT,Guatemala,AMRO,624,25411,49,1053
7/11/20,GT,Guatemala,AMRO,1247,26658,39,1092
7/12/20,GT,Guatemala,AMRO,961,27619,47,1139
7/13/2020,GT,Guatemala,AMRO,979,28598,33,1172
7/14/2020,GT,Guatemala,AMRO,757,29355,47,1219
7/15/2020,GT,Guatemala,AMRO,387,29742,25,1244
7/16/2020,GT,Guatemala,AMRO,1130,30872,58,1302
7/17/2020,GT,Guatemala,AMRO,1202,32074,48,1350
7/18/2020,GT,Guatemala,AMRO,865,32939,54,1404
7/19/2020,GT,Guatemala,AMRO,870,33809,39,1443
7/20/2020,GT,Guatemala,AMRO,4233,38042,6,1449
7/21/2020,GT,Guatemala,AMRO,997,39039,53,1502
7/22/2020,GT,Guatemala,AMRO,1190,40229,29,1531
7/23/2020,GT,Guatemala,AMRO,906,41135,42,1573
7/24/2020,GT,Guatemala,AMRO,1057,42192,59,1632
7/25/2020,GT,Guatemala,AMRO,1091,43283,37,1669
7/26/2020,GT,Guatemala,AMRO,1209,44492,30,1699
7/27/2020,GT,Guatemala,AMRO,561,45053,35,1734
7/28/2020,GT,Guatemala,AMRO,6,45059,27,1761
7/29/2020,GT,Guatemala,AMRO,1392,46451,21,1782
7/30/2020,GT,Guatemala,AMRO,1154,47605,53,1835
7/31/2020,GT,Guatemala,AMRO,1221,48826,32,1867
8/01/20,GT,Guatemala,AMRO,963,49789,57,1924
8/02/20,GT,Guatemala,AMRO,1190,50979,33,1957
8/03/20,GT,Guatemala,AMRO,327,51306,38,1995
8/04/20,GT,Guatemala,AMRO,236,51542,18,2013
8/05/20,GT,Guatemala,AMRO,823,52365,24,2037
8/06/20,GT,Guatemala,AMRO,1144,53509,35,2072
8/07/20,GT,Guatemala,AMRO,830,54339,47,2119
8/08/20,GT,Guatemala,AMRO,931,55270,49,2168
8/09/20,GT,Guatemala,AMRO,919,56189,29,2197
8/10/20,GT,Guatemala,AMRO,416,56605,14,2211
8/11/20,GT,Guatemala,AMRO,382,56987,11,2222
8/12/20,GT,Guatemala,AMRO,979,57966,11,2233
8/13/2020,GT,Guatemala,AMRO,1123,59089,34,2267
8/14/2020,GT,Guatemala,AMRO,1195,60284,29,2296
8/15/2020,GT,Guatemala,AMRO,1144,61428,45,2341
8/16/2020,GT,Guatemala,AMRO,885,62313,14,2355
8/17/2020,GT,Guatemala,AMRO,249,62562,24,2379
8/18/2020,GT,Guatemala,AMRO,382,62944,10,2389
8/19/2020,GT,Guatemala,AMRO,903,63847,30,2419
8/20/2020,GT,Guatemala,AMRO,1034,64881,48,2467
8/21/2020,GT,Guatemala,AMRO,1102,65983,39,2506
8/22/2020,GT,Guatemala,AMRO,958,66941,26,2532
8/23/2020,GT,Guatemala,AMRO,915,67856,48,2580
8/24/2020,GT,Guatemala,AMRO,332,68188,14,2594
8/25/2020,GT,Guatemala,AMRO,345,68533,17,2611
8/26/2020,GT,Guatemala,AMRO,1118,69651,19,2630
8/27/2020,GT,Guatemala,AMRO,1063,70714,32,2662
8/28/2020,GT,Guatemala,AMRO,1142,71856,23,2685
8/29/2020,GT,Guatemala,AMRO,1065,72921,24,2709
8/30/2020,GT,Guatemala,AMRO,758,73679,19,2728
8/31/2020,GT,Guatemala,AMRO,233,73912,12,2740
9/01/20,GT,Guatemala,AMRO,162,74074,20,2760
9/02/20,GT,Guatemala,AMRO,819,74893,18,2778
9/03/20,GT,Guatemala,AMRO,751,75644,12,2790
9/04/20,GT,Guatemala,AMRO,714,76358,14,2804
9/05/20,GT,Guatemala,AMRO,682,77040,21,2825
9/06/20,GT,Guatemala,AMRO,441,77481,20,2845
9/07/20,GT,Guatemala,AMRO,202,77683,7,2852
9/08/20,GT,Guatemala,AMRO,145,77828,10,2862
9/09/20,GT,Guatemala,AMRO,893,78721,28,2890
9/10/20,GT,Guatemala,AMRO,901,79622,7,2897
9/11/20,GT,Guatemala,AMRO,684,80306,21,2918
9/12/20,GT,Guatemala,AMRO,703,81009,11,2929
9/13/2020,GT,Guatemala,AMRO,649,81658,20,2949
9/14/2020,GT,Guatemala,AMRO,251,81909,8,2957
9/15/2020,GT,Guatemala,AMRO,263,82172,15,2972
9/16/2020,GT,Guatemala,AMRO,512,82684,12,2984
9/17/2020,GT,Guatemala,AMRO,240,82924,25,3009
9/18/2020,GT,Guatemala,AMRO,740,83664,27,3036
9/19/2020,GT,Guatemala,AMRO,680,84344,40,3076
9/20/2020,GT,Guatemala,AMRO,808,85152,29,3105
9/21/2020,GT,Guatemala,AMRO,292,85444,14,3119
9/22/2020,GT,Guatemala,AMRO,237,85681,5,3124
9/23/2020,GT,Guatemala,AMRO,942,86623,13,3137
9/24/2020,GT,Guatemala,AMRO,819,87442,17,3154
9/25/2020,GT,Guatemala,AMRO,491,87933,16,3170
9/26/2020,GT,Guatemala,AMRO,945,88878,16,3186
9/27/2020,GT,Guatemala,AMRO,824,89702,27,3213
9/28/2020,GT,Guatemala,AMRO,390,90092,16,3229
9/29/2020,GT,Guatemala,AMRO,171,90263,5,3234
9/30/2020,GT,Guatemala,AMRO,705,90968,4,3238
10/01/20,GT,Guatemala,AMRO,778,91746,8,3246
10/02/20,GT,Guatemala,AMRO,663,92409,15,3261
10/03/20,GT,Guatemala,AMRO,681,93090,6,3267
10/04/20,GT,Guatemala,AMRO,658,93748,18,3285
10/05/20,GT,Guatemala,AMRO,215,93963,8,3293
10/06/20,GT,Guatemala,AMRO,219,94182,9,3302
10/07/20,GT,Guatemala,AMRO,688,94870,8,3310
10/08/20,GT,Guatemala,AMRO,834,95704,25,3335
10/09/20,GT,Guatemala,AMRO,776,96480,12,3347
10/10/20,GT,Guatemala,AMRO,455,96935,9,3356
10/11/20,GT,Guatemala,AMRO,609,97544,9,3365
10/12/20,GT,Guatemala,AMRO,171,97715,19,3384
10/13/2020,GT,Guatemala,AMRO,111,97826,3,3387
10/14/2020,GT,Guatemala,AMRO,554,98380,23,3410
10/15/2020,GT,Guatemala,AMRO,714,99094,20,3430
10/16/2020,GT,Guatemala,AMRO,671,99765,23,3453
10/17/2020,GT,Guatemala,AMRO,666,100431,25,3478
10/18/2020,GT,Guatemala,AMRO,597,101028,37,3515
10/19/2020,GT,Guatemala,AMRO,332,101360,15,3530
10/20/2020,GT,Guatemala,AMRO,239,101599,11,3541
10/21/2020,GT,Guatemala,AMRO,620,102219,5,3546
10/22/2020,GT,Guatemala,AMRO,196,102415,21,3567
10/23/2020,GT,Guatemala,AMRO,757,103172,13,3580
10/24/2020,GT,Guatemala,AMRO,730,103902,14,3594
10/25/2020,GT,Guatemala,AMRO,730,104632,15,3609
10/26/2020,GT,Guatemala,AMRO,155,104787,35,3644
10/27/2020,GT,Guatemala,AMRO,107,104894,7,3651
10/28/2020,GT,Guatemala,AMRO,677,105571,14,3665
10/29/2020,GT,Guatemala,AMRO,749,106320,17,3682
10/30/2020,GT,Guatemala,AMRO,470,106790,22,3704
10/31/2020,GT,Guatemala,AMRO,549,107339,10,3714
11/01/20,GT,Guatemala,AMRO,600,107939,15,3729
11/02/20,GT,Guatemala,AMRO,165,108104,9,3738
11/03/20,GT,Guatemala,AMRO,0,108104,0,3738
11/04/20,GT,Guatemala,AMRO,379,108483,10,3748
11/05/20,GT,Guatemala,AMRO,664,109147,4,3752
11/06/20,GT,Guatemala,AMRO,702,109849,14,3766
11/07/20,GT,Guatemala,AMRO,653,110502,28,3794
11/08/20,GT,Guatemala,AMRO,548,111050,17,3811
11/09/20,GT,Guatemala,AMRO,212,111262,10,3821
11/10/20,GT,Guatemala,AMRO,98,111360,2,3823
11/11/20,GT,Guatemala,AMRO,769,112129,9,3832
11/12/20,GT,Guatemala,AMRO,682,112811,13,3845
11/13/2020,GT,Guatemala,AMRO,732,113543,13,3858
11/14/2020,GT,Guatemala,AMRO,580,114123,22,3880
11/15/2020,GT,Guatemala,AMRO,596,114719,40,3920
11/16/2020,GT,Guatemala,AMRO,166,114885,12,3932
11/17/2020,GT,Guatemala,AMRO,147,115032,6,3938
11/18/2020,GT,Guatemala,AMRO,698,115730,9,3947
11/19/2020,GT,Guatemala,AMRO,651,116381,61,4008
11/20/2020,GT,Guatemala,AMRO,685,117066,42,4050
11/21/2020,GT,Guatemala,AMRO,691,117757,17,4067
11/22/2020,GT,Guatemala,AMRO,660,118417,7,4074
11/23/2020,GT,Guatemala,AMRO,212,118629,2,4076
11/24/2020,GT,Guatemala,AMRO,93,118722,16,4092
11/25/2020,GT,Guatemala,AMRO,627,119349,7,4099
11/26/2020,GT,Guatemala,AMRO,640,119989,8,4107
11/27/2020,GT,Guatemala,AMRO,696,120685,26,4133
11/28/2020,GT,Guatemala,AMRO,447,121132,8,4141
11/29/2020,GT,Guatemala,AMRO,666,121798,20,4161
11/30/2020,GT,Guatemala,AMRO,173,121971,5,4166
12/01/20,GT,Guatemala,AMRO,91,122062,5,4171
12/02/20,GT,Guatemala,AMRO,712,122774,7,4178
12/03/20,GT,Guatemala,AMRO,686,123460,13,4191
12/04/20,GT,Guatemala,AMRO,593,124053,18,4209
12/05/20,GT,Guatemala,AMRO,752,124805,15,4224
12/06/20,GT,Guatemala,AMRO,547,125352,15,4239
12/07/20,GT,Guatemala,AMRO,198,125550,11,4250
12/08/20,GT,Guatemala,AMRO,124,125674,24,4274
12/09/20,GT,Guatemala,AMRO,799,126473,12,4286
12/10/20,GT,Guatemala,AMRO,654,127127,25,4311
12/11/20,GT,Guatemala,AMRO,659,127786,34,4345
12/12/20,GT,Guatemala,AMRO,755,128541,31,4376
12/13/2020,GT,Guatemala,AMRO,558,129099,29,4405
12/14/2020,GT,Guatemala,AMRO,183,129282,18,4423
12/15/2020,GT,Guatemala,AMRO,123,129405,22,4445
12/16/2020,GT,Guatemala,AMRO,677,130082,31,4476
12/17/2020,GT,Guatemala,AMRO,746,130828,34,4510
12/18/2020,GT,Guatemala,AMRO,607,131435,41,4551
12/19/2020,GT,Guatemala,AMRO,627,132062,38,4589
12/20/2020,GT,Guatemala,AMRO,533,132595,35,4624
12/21/2020,GT,Guatemala,AMRO,170,132765,32,4656
12/22/2020,GT,Guatemala,AMRO,102,132867,32,4688
12/23/2020,GT,Guatemala,AMRO,734,133601,30,4718
12/24/2020,GT,Guatemala,AMRO,655,134256,21,4739
12/25/2020,GT,Guatemala,AMRO,638,134894,10,4749
12/26/2020,GT,Guatemala,AMRO,186,135080,8,4757
12/27/2020,GT,Guatemala,AMRO,91,135171,6,4763
12/28/2020,GT,Guatemala,AMRO,138,135309,5,4768
12/29/2020,GT,Guatemala,AMRO,132,135441,5,4773
12/30/2020,GT,Guatemala,AMRO,846,136287,8,4781
12/31/2020,GT,Guatemala,AMRO,879,137166,22,4803
1/01/21,GT,Guatemala,AMRO,846,138012,10,4813
1/02/21,GT,Guatemala,AMRO,224,138236,7,4820
1/03/21,GT,Guatemala,AMRO,80,138316,7,4827
1/04/21,GT,Guatemala,AMRO,159,138475,6,4833
1/05/21,GT,Guatemala,AMRO,181,138656,2,4835
1/06/21,GT,Guatemala,AMRO,763,139419,24,4859
1/07/21,GT,Guatemala,AMRO,783,140202,40,4899
1/08/21,GT,Guatemala,AMRO,872,141074,29,4928
1/09/21,GT,Guatemala,AMRO,990,142064,44,4972
1/10/21,GT,Guatemala,AMRO,1063,143127,27,4999
1/11/21,GT,Guatemala,AMRO,116,143243,26,5025
1/12/21,GT,Guatemala,AMRO,733,143976,0,5025
1/13/2021,GT,Guatemala,AMRO,1028,145004,92,5117
1/14/2021,GT,Guatemala,AMRO,982,145986,0,5117
1/15/2021,GT,Guatemala,AMRO,951,146937,34,5151
1/16/2021,GT,Guatemala,AMRO,623,147560,26,5177
1/17/2021,GT,Guatemala,AMRO,1038,148598,43,5220
1/18/2021,GT,Guatemala,AMRO,290,148888,34,5254
1/19/2021,GT,Guatemala,AMRO,258,149146,24,5278
1/20/2021,GT,Guatemala,AMRO,1131,150277,35,5313
1/21/2021,GT,Guatemala,AMRO,1047,151324,30,5343
1/22/2021,GT,Guatemala,AMRO,1071,152395,46,5389
1/23/2021,GT,Guatemala,AMRO,561,152956,31,5420
1/24/2021,GT,Guatemala,AMRO,934,153890,36,5456
1/25/2021,GT,Guatemala,AMRO,322,154212,9,5465
1/26/2021,GT,Guatemala,AMRO,218,154430,4,5469
1/27/2021,GT,Guatemala,AMRO,1029,155459,17,5486
1/28/2021,GT,Guatemala,AMRO,1038,156497,27,5513
1/29/2021,GT,Guatemala,AMRO,1098,157595,30,5543
1/30/2021,GT,Guatemala,AMRO,741,158336,39,5582
1/31/2021,GT,Guatemala,AMRO,782,159118,36,5618
2/01/21,GT,Guatemala,AMRO,386,159504,25,5643
2/02/21,GT,Guatemala,AMRO,128,159632,30,5673
2/03/21,GT,Guatemala,AMRO,667,160299,36,5709
2/04/21,GT,Guatemala,AMRO,667,160966,27,5736
2/05/21,GT,Guatemala,AMRO,699,161665,49,5785
2/06/21,GT,Guatemala,AMRO,630,162295,31,5816
2/07/21,GT,Guatemala,AMRO,642,162937,38,5854
2/08/21,GT,Guatemala,AMRO,200,163137,30,5884
2/09/21,GT,Guatemala,AMRO,110,163247,38,5922
2/10/21,GT,Guatemala,AMRO,746,163993,33,5955
2/11/21,GT,Guatemala,AMRO,753,164746,34,5989
2/12/21,GT,Guatemala,AMRO,786,165532,34,6023
2/13/2021,GT,Guatemala,AMRO,751,166283,34,6057
2/14/2021,GT,Guatemala,AMRO,788,167071,37,6094
2/15/2021,GT,Guatemala,AMRO,208,167279,30,6124
2/16/2021,GT,Guatemala,AMRO,104,167383,26,6150
2/17/2021,GT,Guatemala,AMRO,720,168103,8,6158
2/18/2021,GT,Guatemala,AMRO,777,168880,6,6164
2/19/2021,GT,Guatemala,AMRO,730,169610,22,6186
2/20/2021,GT,Guatemala,AMRO,665,170275,34,6220
2/21/2021,GT,Guatemala,AMRO,656,170931,29,6249
2/22/2021,GT,Guatemala,AMRO,239,171170,33,6282
2/23/2021,GT,Guatemala,AMRO,119,171289,24,6306
2/24/2021,GT,Guatemala,AMRO,783,172072,9,6315
2/25/2021,GT,Guatemala,AMRO,692,172764,12,6327
2/26/2021,GT,Guatemala,AMRO,378,173142,7,6334
2/27/2021,GT,Guatemala,AMRO,672,173814,14,6348
2/28/2021,GT,Guatemala,AMRO,521,174335,26,6374
3/01/21,GT,Guatemala,AMRO,207,174542,19,6393
3/02/21,GT,Guatemala,AMRO,111,174653,9,6402
3/03/21,GT,Guatemala,AMRO,0,174653,0,6402
3/04/21,GT,Guatemala,AMRO,758,175411,10,6412
3/05/21,GT,Guatemala,AMRO,839,176250,15,6427
3/06/21,GT,Guatemala,AMRO,626,176876,8,6435
3/07/21,GT,Guatemala,AMRO,1461,178337,32,6467
3/08/21,GT,Guatemala,AMRO,223,178560,6,6473
3/09/21,GT,Guatemala,AMRO,210,178770,6,6479
3/10/21,GT,Guatemala,AMRO,793,179563,14,6493
3/11/21,GT,Guatemala,AMRO,830,180393,29,6522
3/12/21,GT,Guatemala,AMRO,750,181143,9,6531
3/13/2021,GT,Guatemala,AMRO,831,181974,15,6546
3/14/2021,GT,Guatemala,AMRO,705,182679,17,6563
3/15/2021,GT,Guatemala,AMRO,202,182881,5,6568
3/16/2021,GT,Guatemala,AMRO,133,183014,7,6575
3/17/2021,GT,Guatemala,AMRO,971,183985,24,6599
3/18/2021,GT,Guatemala,AMRO,6,183991,20,6619
3/19/2021,GT,Guatemala,AMRO,943,184934,0,6619
3/20/2021,GT,Guatemala,AMRO,1806,186740,44,6663
3/21/2021,GT,Guatemala,AMRO,919,187659,22,6685
3/22/2021,GT,Guatemala,AMRO,252,187911,15,6700
3/23/2021,GT,Guatemala,AMRO,208,188119,10,6710
3/24/2021,GT,Guatemala,AMRO,948,189067,20,6730
3/25/2021,GT,Guatemala,AMRO,1141,190208,19,6749
3/26/2021,GT,Guatemala,AMRO,999,191207,16,6765
3/27/2021,GT,Guatemala,AMRO,926,192133,10,6775
3/28/2021,GT,Guatemala,AMRO,917,193050,19,6794
3/29/2021,GT,Guatemala,AMRO,327,193377,8,6802
3/30/2021,GT,Guatemala,AMRO,179,193556,7,6809
3/31/2021,GT,Guatemala,AMRO,278,193834,14,6823
4/01/21,GT,Guatemala,AMRO,564,194398,17,6840
4/02/21,GT,Guatemala,AMRO,358,194756,20,6860
4/03/21,GT,Guatemala,AMRO,280,195036,15,6875
4/04/21,GT,Guatemala,AMRO,203,195239,9,6884
4/05/21,GT,Guatemala,AMRO,232,195471,7,6891
4/06/21,GT,Guatemala,AMRO,209,195680,3,6894
4/07/21,GT,Guatemala,AMRO,1340,197020,9,6903
4/08/21,GT,Guatemala,AMRO,1354,198374,25,6928
4/09/21,GT,Guatemala,AMRO,1590,199964,27,6955
4/10/21,GT,Guatemala,AMRO,1331,201295,22,6977
4/11/21,GT,Guatemala,AMRO,1345,202640,24,7001
4/12/21,GT,Guatemala,AMRO,431,203071,15,7016
4/13/2021,GT,Guatemala,AMRO,238,203309,4,7020
4/14/2021,GT,Guatemala,AMRO,2013,205322,37,7057
4/15/2021,GT,Guatemala,AMRO,1805,207127,32,7089
4/16/2021,GT,Guatemala,AMRO,1567,208694,31,7120
4/17/2021,GT,Guatemala,AMRO,1973,210667,40,7160
4/18/2021,GT,Guatemala,AMRO,1640,212307,30,7190
4/19/2021,GT,Guatemala,AMRO,427,212734,31,7221
4/20/2021,GT,Guatemala,AMRO,315,213049,20,7241
4/21/2021,GT,Guatemala,AMRO,1651,214700,38,7279
4/22/2021,GT,Guatemala,AMRO,1629,216329,30,7309
4/23/2021,GT,Guatemala,AMRO,1816,218145,36,7345
4/24/2021,GT,Guatemala,AMRO,1644,219789,29,7374
4/25/2021,GT,Guatemala,AMRO,1518,221307,21,7395
4/26/2021,GT,Guatemala,AMRO,391,221698,15,7410
4/27/2021,GT,Guatemala,AMRO,241,221939,18,7428
4/28/2021,GT,Guatemala,AMRO,1086,223025,25,7453
4/29/2021,GT,Guatemala,AMRO,1596,224621,25,7478
4/30/2021,GT,Guatemala,AMRO,1626,226247,22,7500
5/01/21,GT,Guatemala,AMRO,1424,227671,24,7524
5/02/21,GT,Guatemala,AMRO,806,228477,19,7543
5/03/21,GT,Guatemala,AMRO,207,228684,15,7558
5/04/21,GT,Guatemala,AMRO,187,228871,20,7578
5/05/21,GT,Guatemala,AMRO,1224,230095,28,7606
5/06/21,GT,Guatemala,AMRO,1194,231289,36,7642
5/07/21,GT,Guatemala,AMRO,1150,232439,35,7677
5/08/21,GT,Guatemala,AMRO,1257,233696,18,7695
5/09/21,GT,Guatemala,AMRO,1187,234883,22,7717
5/10/21,GT,Guatemala,AMRO,206,235089,16,7733
5/11/21,GT,Guatemala,AMRO,215,235304,3,7736
5/12/21,GT,Guatemala,AMRO,962,236266,40,7776
5/13/2021,GT,Guatemala,AMRO,1416,237682,39,7815
5/14/2021,GT,Guatemala,AMRO,1105,238787,17,7832
5/15/2021,GT,Guatemala,AMRO,1383,240170,13,7845
5/16/2021,GT,Guatemala,AMRO,947,241117,27,7872
5/17/2021,GT,Guatemala,AMRO,252,241369,15,7887
5/18/2021,GT,Guatemala,AMRO,159,241528,6,7893
5/19/2021,GT,Guatemala,AMRO,1256,242784,20,7913
5/20/2021,GT,Guatemala,AMRO,1049,243833,15,7928
5/21/2021,GT,Guatemala,AMRO,1414,245247,24,7952
5/22/2021,GT,Guatemala,AMRO,909,246156,25,7977
5/23/2021,GT,Guatemala,AMRO,950,247106,19,7996
5/24/2021,GT,Guatemala,AMRO,348,247454,4,8000
5/25/2021,GT,Guatemala,AMRO,190,247644,9,8009
5/26/2021,GT,Guatemala,AMRO,1180,248824,13,8022
5/27/2021,GT,Guatemala,AMRO,1472,250296,36,8058
5/28/2021,GT,Guatemala,AMRO,1040,251336,12,8070
5/29/2021,GT,Guatemala,AMRO,1593,252929,24,8094
5/30/2021,GT,Guatemala,AMRO,908,253837,27,8121
5/31/2021,GT,Guatemala,AMRO,388,254225,16,8137
6/01/21,GT,Guatemala,AMRO,192,254417,28,8165
6/02/21,GT,Guatemala,AMRO,1416,255833,18,8183
6/03/21,GT,Guatemala,AMRO,1334,257167,31,8214
6/04/21,GT,Guatemala,AMRO,1466,258633,24,8238
6/05/21,GT,Guatemala,AMRO,1321,259954,20,8258
6/06/21,GT,Guatemala,AMRO,1438,261392,22,8280
6/07/21,GT,Guatemala,AMRO,566,261958,14,8294
6/08/21,GT,Guatemala,AMRO,297,262255,11,8305
6/09/21,GT,Guatemala,AMRO,1581,263836,26,8331
6/10/21,GT,Guatemala,AMRO,1826,265662,30,8361
6/11/21,GT,Guatemala,AMRO,1785,267447,27,8388
6/12/21,GT,Guatemala,AMRO,1861,269308,28,8416
6/13/2021,GT,Guatemala,AMRO,1823,271131,23,8439
6/14/2021,GT,Guatemala,AMRO,572,271703,16,8455
6/15/2021,GT,Guatemala,AMRO,287,271990,10,8465
6/16/2021,GT,Guatemala,AMRO,1740,273730,35,8500
6/17/2021,GT,Guatemala,AMRO,1472,275202,27,8527
6/18/2021,GT,Guatemala,AMRO,1725,276927,22,8549
6/19/2021,GT,Guatemala,AMRO,1482,278409,46,8595
6/20/2021,GT,Guatemala,AMRO,1538,279947,50,8645
6/21/2021,GT,Guatemala,AMRO,560,280507,49,8694
6/22/2021,GT,Guatemala,AMRO,347,280854,41,8735
6/23/2021,GT,Guatemala,AMRO,1859,282713,50,8785
6/24/2021,GT,Guatemala,AMRO,2028,284741,60,8845
6/25/2021,GT,Guatemala,AMRO,1967,286708,49,8894
6/26/2021,GT,Guatemala,AMRO,2273,288981,66,8960
6/27/2021,GT,Guatemala,AMRO,1871,290852,48,9008
6/28/2021,GT,Guatemala,AMRO,743,291595,42,9050
6/29/2021,GT,Guatemala,AMRO,382,291977,39,9089
6/30/2021,GT,Guatemala,AMRO,697,292674,58,9147
7/01/21,GT,Guatemala,AMRO,909,293583,68,9215
7/02/21,GT,Guatemala,AMRO,2855,296438,67,9282
7/03/21,GT,Guatemala,AMRO,2466,298904,68,9350
7/04/21,GT,Guatemala,AMRO,2285,301189,69,9419
7/05/21,GT,Guatemala,AMRO,823,302012,42,9461
7/06/21,GT,Guatemala,AMRO,522,302534,37,9498
7/07/21,GT,Guatemala,AMRO,2785,305319,50,9548
7/08/21,GT,Guatemala,AMRO,2954,308273,25,9573
7/09/21,GT,Guatemala,AMRO,3069,311342,36,9609
7/10/21,GT,Guatemala,AMRO,2960,314302,33,9642
7/11/21,GT,Guatemala,AMRO,3009,317311,46,9688
7/12/21,GT,Guatemala,AMRO,1230,318541,25,9713
7/13/2021,GT,Guatemala,AMRO,616,319157,8,9721
7/14/2021,GT,Guatemala,AMRO,2963,322120,35,9756
7/15/2021,GT,Guatemala,AMRO,2904,325024,42,9798
7/16/2021,GT,Guatemala,AMRO,2731,327755,36,9834
7/17/2021,GT,Guatemala,AMRO,2896,330651,37,9871
7/18/2021,GT,Guatemala,AMRO,2475,333126,27,9898
7/19/2021,GT,Guatemala,AMRO,701,333827,16,9914
7/20/2021,GT,Guatemala,AMRO,548,334375,13,9927
7/21/2021,GT,Guatemala,AMRO,3387,337762,78,10005
7/22/2021,GT,Guatemala,AMRO,3095,340857,11,10016
7/23/2021,GT,Guatemala,AMRO,3364,344221,13,10029
7/24/2021,GT,Guatemala,AMRO,3275,347496,34,10063
7/25/2021,GT,Guatemala,AMRO,3320,350816,30,10093
7/26/2021,GT,Guatemala,AMRO,1272,352088,7,10100
7/27/2021,GT,Guatemala,AMRO,496,352584,12,10112
7/28/2021,GT,Guatemala,AMRO,2639,355223,64,10176
7/29/2021,GT,Guatemala,AMRO,3575,358798,48,10224
7/30/2021,GT,Guatemala,AMRO,3336,362134,24,10248
7/31/2021,GT,Guatemala,AMRO,0,362134,0,10248
8/01/21,GT,Guatemala,AMRO,6350,368484,91,10339
8/02/21,GT,Guatemala,AMRO,1142,369626,74,10413
8/03/21,GT,Guatemala,AMRO,632,370258,35,10448
8/04/21,GT,Guatemala,AMRO,2789,373047,35,10483
8/05/21,GT,Guatemala,AMRO,4399,377446,41,10524
8/06/21,GT,Guatemala,AMRO,4068,381514,54,10578
8/07/21,GT,Guatemala,AMRO,3998,385512,66,10644
8/08/21,GT,Guatemala,AMRO,3998,389510,70,10714
8/09/21,GT,Guatemala,AMRO,1004,390514,57,10771
8/10/21,GT,Guatemala,AMRO,604,391118,37,10808
8/11/21,GT,Guatemala,AMRO,3254,394372,37,10845
8/12/21,GT,Guatemala,AMRO,4618,398990,53,10898
8/13/2021,GT,Guatemala,AMRO,4358,403348,62,10960
8/14/2021,GT,Guatemala,AMRO,4216,407564,46,11006
8/15/2021,GT,Guatemala,AMRO,4167,411731,79,11085
8/16/2021,GT,Guatemala,AMRO,0,411731,0,11085
8/17/2021,GT,Guatemala,AMRO,2066,413797,104,11189
8/18/2021,GT,Guatemala,AMRO,3823,417620,30,11219
8/19/2021,GT,Guatemala,AMRO,4650,422270,54,11273
8/20/2021,GT,Guatemala,AMRO,5826,428096,66,11339
8/21/2021,GT,Guatemala,AMRO,5243,433339,33,11372
8/22/2021,GT,Guatemala,AMRO,4580,437919,78,11450
8/23/2021,GT,Guatemala,AMRO,1334,439253,50,11500
8/24/2021,GT,Guatemala,AMRO,754,440007,16,11516
8/25/2021,GT,Guatemala,AMRO,4917,444924,36,11552
8/26/2021,GT,Guatemala,AMRO,5226,450150,63,11615
8/27/2021,GT,Guatemala,AMRO,5113,455263,79,11694
8/28/2021,GT,Guatemala,AMRO,4754,460017,74,11768
8/29/2021,GT,Guatemala,AMRO,3736,463753,50,11818
8/30/2021,GT,Guatemala,AMRO,1306,465059,40,11858
8/31/2021,GT,Guatemala,AMRO,740,465799,28,11886
9/01/21,GT,Guatemala,AMRO,4478,470277,40,11926
9/02/21,GT,Guatemala,AMRO,5271,475548,81,12007
9/03/21,GT,Guatemala,AMRO,3828,479376,91,12098
9/04/21,GT,Guatemala,AMRO,4887,484263,57,12155
9/05/21,GT,Guatemala,AMRO,2556,486819,48,12203
9/06/21,GT,Guatemala,AMRO,1079,487898,62,12265
9/07/21,GT,Guatemala,AMRO,640,488538,50,12315
9/08/21,GT,Guatemala,AMRO,4032,492570,73,12388
9/09/21,GT,Guatemala,AMRO,5120,497690,80,12468
9/10/21,GT,Guatemala,AMRO,0,497690,0,12468
9/11/21,GT,Guatemala,AMRO,3150,500840,76,12544
9/12/21,GT,Guatemala,AMRO,8814,509654,121,12665
9/13/2021,GT,Guatemala,AMRO,1070,510724,45,12710
9/14/2021,GT,Guatemala,AMRO,733,511457,44,12754
9/15/2021,GT,Guatemala,AMRO,4299,515756,41,12795
9/16/2021,GT,Guatemala,AMRO,4230,519986,64,12859
9/17/2021,GT,Guatemala,AMRO,1107,521093,48,12907
9/18/2021,GT,Guatemala,AMRO,4068,525161,40,12947
9/19/2021,GT,Guatemala,AMRO,4261,529422,93,13040
9/20/2021,GT,Guatemala,AMRO,0,529422,0,13040
9/21/2021,GT,Guatemala,AMRO,604,530026,21,13061
9/22/2021,GT,Guatemala,AMRO,3718,533744,54,13115
9/23/2021,GT,Guatemala,AMRO,4243,537987,70,13185
9/24/2021,GT,Guatemala,AMRO,4037,542024,56,13241
9/25/2021,GT,Guatemala,AMRO,3772,545796,42,13283
9/26/2021,GT,Guatemala,AMRO,2808,548604,48,13331
9/27/2021,GT,Guatemala,AMRO,956,549560,44,13375
9/28/2021,GT,Guatemala,AMRO,773,550333,19,13394
9/29/2021,GT,Guatemala,AMRO,2956,553289,59,13453
9/30/2021,GT,Guatemala,AMRO,3955,557244,72,13525
10/01/21,GT,Guatemala,AMRO,3071,560315,39,13564
10/02/21,GT,Guatemala,AMRO,2942,563257,61,13625
10/03/21,GT,Guatemala,AMRO,2309,565566,75,13700
10/04/21,GT,Guatemala,AMRO,684,566250,30,13730
10/05/21,GT,Guatemala,AMRO,386,566636,20,13750
10/06/21,GT,Guatemala,AMRO,2804,569440,44,13794
10/07/21,GT,Guatemala,AMRO,2663,572103,57,13851
10/08/21,GT,Guatemala,AMRO,2610,574713,51,13902
10/09/21,GT,Guatemala,AMRO,2105,576818,36,13938
10/10/21,GT,Guatemala,AMRO,1991,578809,48,13986
10/11/21,GT,Guatemala,AMRO,680,579489,41,14027
10/12/21,GT,Guatemala,AMRO,285,579774,39,14066
10/13/2021,GT,Guatemala,AMRO,1724,581498,52,14118
10/14/2021,GT,Guatemala,AMRO,1703,583201,59,14177
10/15/2021,GT,Guatemala,AMRO,1412,584613,27,14204
10/16/2021,GT,Guatemala,AMRO,1705,586318,32,14236
10/17/2021,GT,Guatemala,AMRO,1369,587687,30,14266
10/18/2021,GT,Guatemala,AMRO,382,588069,64,14330
10/19/2021,GT,Guatemala,AMRO,193,588262,57,14387
10/20/2021,GT,Guatemala,AMRO,1724,589986,49,14436
10/21/2021,GT,Guatemala,AMRO,1474,591460,79,14515
10/22/2021,GT,Guatemala,AMRO,307,591767,51,14566
10/23/2021,GT,Guatemala,AMRO,1692,593459,49,14615
10/24/2021,GT,Guatemala,AMRO,0,593459,0,14615
10/25/2021,GT,Guatemala,AMRO,1206,594665,40,14655
10/26/2021,GT,Guatemala,AMRO,402,595067,93,14748
10/27/2021,GT,Guatemala,AMRO,1350,596417,49,14797
10/28/2021,GT,Guatemala,AMRO,1351,597768,65,14862
10/29/2021,GT,Guatemala,AMRO,1274,599042,66,14928
10/30/2021,GT,Guatemala,AMRO,0,599042,0,14928
10/31/2021,GT,Guatemala,AMRO,2360,601402,92,15020
11/01/21,GT,Guatemala,AMRO,170,601572,74,15094
11/02/21,GT,Guatemala,AMRO,85,601657,43,15137
11/03/21,GT,Guatemala,AMRO,136,601793,42,15179
11/04/21,GT,Guatemala,AMRO,782,602575,43,15222
11/05/21,GT,Guatemala,AMRO,1066,603641,59,15281
11/06/21,GT,Guatemala,AMRO,945,604586,57,15338
11/07/21,GT,Guatemala,AMRO,829,605415,51,15389
11/08/21,GT,Guatemala,AMRO,334,605749,85,15474
11/09/21,GT,Guatemala,AMRO,0,605749,0,15474
11/10/21,GT,Guatemala,AMRO,0,605749,0,15474
11/11/21,GT,Guatemala,AMRO,994,606743,46,15520
11/12/21,GT,Guatemala,AMRO,754,607497,58,15578
11/13/2021,GT,Guatemala,AMRO,810,608307,49,15627
11/14/2021,GT,Guatemala,AMRO,829,609136,48,15675
11/15/2021,GT,Guatemala,AMRO,868,610004,39,15714
11/16/2021,GT,Guatemala,AMRO,30,610034,16,15730
11/17/2021,GT,Guatemala,AMRO,0,610034,0,15730
11/18/2021,GT,Guatemala,AMRO,557,610591,19,15749
11/19/2021,GT,Guatemala,AMRO,783,611374,26,15775
11/20/2021,GT,Guatemala,AMRO,813,612187,27,15802
11/21/2021,GT,Guatemala,AMRO,1526,613713,35,15837
11/22/2021,GT,Guatemala,AMRO,179,613892,3,15840
11/23/2021,GT,Guatemala,AMRO,58,613950,9,15849
11/24/2021,GT,Guatemala,AMRO,960,614910,6,15855
11/25/2021,GT,Guatemala,AMRO,815,615725,15,15870
11/26/2021,GT,Guatemala,AMRO,829,616554,15,15885
11/27/2021,GT,Guatemala,AMRO,483,617037,13,15898
11/28/2021,GT,Guatemala,AMRO,458,617495,19,15917
11/29/2021,GT,Guatemala,AMRO,115,617610,11,15928
11/30/2021,GT,Guatemala,AMRO,0,617610,0,15928
12/01/21,GT,Guatemala,AMRO,374,617984,15,15943
12/02/21,GT,Guatemala,AMRO,452,618436,13,15956
12/03/21,GT,Guatemala,AMRO,291,618727,11,15967
12/04/21,GT,Guatemala,AMRO,313,619040,5,15972
12/05/21,GT,Guatemala,AMRO,0,619040,0,15972
12/06/21,GT,Guatemala,AMRO,502,619542,8,15980
12/07/21,GT,Guatemala,AMRO,310,619852,6,15986
12/08/21,GT,Guatemala,AMRO,39,619891,6,15992
12/09/21,GT,Guatemala,AMRO,544,620435,7,15999
12/10/21,GT,Guatemala,AMRO,418,620853,9,16008
12/11/21,GT,Guatemala,AMRO,475,621328,12,16020
12/12/21,GT,Guatemala,AMRO,516,621844,9,16029
12/13/2021,GT,Guatemala,AMRO,324,622168,7,16036
12/14/2021,GT,Guatemala,AMRO,61,622229,8,16044
12/15/2021,GT,Guatemala,AMRO,8,622237,4,16048
12/16/2021,GT,Guatemala,AMRO,288,622525,3,16051
12/17/2021,GT,Guatemala,AMRO,341,622866,6,16057
12/18/2021,GT,Guatemala,AMRO,329,623195,4,16061
12/19/2021,GT,Guatemala,AMRO,254,623449,4,16065
12/20/2021,GT,Guatemala,AMRO,213,623662,2,16067
12/21/2021,GT,Guatemala,AMRO,69,623731,5,16072
12/22/2021,GT,Guatemala,AMRO,64,623795,5,16077
12/23/2021,GT,Guatemala,AMRO,376,624171,4,16081
12/24/2021,GT,Guatemala,AMRO,373,624544,4,16085
12/25/2021,GT,Guatemala,AMRO,322,624866,4,16089
12/26/2021,GT,Guatemala,AMRO,163,625029,6,16095
12/27/2021,GT,Guatemala,AMRO,98,625127,1,16096
12/28/2021,GT,Guatemala,AMRO,39,625166,1,16097
12/29/2021,GT,Guatemala,AMRO,91,625257,1,16098
12/30/2021,GT,Guatemala,AMRO,597,625854,1,16099
12/31/2021,GT,Guatemala,AMRO,821,626675,3,16102
1/01/22,GT,Guatemala,AMRO,887,627562,4,16106
1/02/22,GT,Guatemala,AMRO,797,628359,1,16107
1/03/22,GT,Guatemala,AMRO,230,628589,1,16108
1/04/22,GT,Guatemala,AMRO,106,628695,1,16109
1/05/22,GT,Guatemala,AMRO,109,628804,1,16110
1/06/22,GT,Guatemala,AMRO,1007,629811,1,16111
1/07/22,GT,Guatemala,AMRO,1919,631730,3,16114
1/08/22,GT,Guatemala,AMRO,2044,633774,3,16117
1/09/22,GT,Guatemala,AMRO,1839,635613,1,16118
1/10/22,GT,Guatemala,AMRO,2050,637663,6,16124
1/11/22,GT,Guatemala,AMRO,1042,638705,1,16125
1/12/22,GT,Guatemala,AMRO,343,639048,1,16126
1/13/2022,GT,Guatemala,AMRO,2116,641164,1,16127
1/14/2022,GT,Guatemala,AMRO,2283,643447,1,16128
1/15/2022,GT,Guatemala,AMRO,2872,646319,17,16145
1/16/2022,GT,Guatemala,AMRO,2628,648947,15,16160
1/17/2022,GT,Guatemala,AMRO,2827,651774,15,16175
1/18/2022,GT,Guatemala,AMRO,1397,653171,1,16176
1/19/2022,GT,Guatemala,AMRO,384,653555,3,16179
1/20/2022,GT,Guatemala,AMRO,2901,656456,12,16191
1/21/2022,GT,Guatemala,AMRO,3199,659655,12,16203
1/22/2022,GT,Guatemala,AMRO,3173,662828,20,16223
1/23/2022,GT,Guatemala,AMRO,3189,666017,22,16245
1/24/2022,GT,Guatemala,AMRO,2995,669012,18,16263
1/25/2022,GT,Guatemala,AMRO,818,669830,5,16268
1/26/2022,GT,Guatemala,AMRO,659,670489,4,16272
1/27/2022,GT,Guatemala,AMRO,3070,673559,13,16285
1/28/2022,GT,Guatemala,AMRO,3655,677214,9,16294
1/29/2022,GT,Guatemala,AMRO,4094,681308,23,16317
1/30/2022,GT,Guatemala,AMRO,4234,685542,26,16343
1/31/2022,GT,Guatemala,AMRO,2784,688326,30,16373
2/01/22,GT,Guatemala,AMRO,1283,689609,6,16379
2/02/22,GT,Guatemala,AMRO,681,690290,6,16385
2/03/22,GT,Guatemala,AMRO,4223,694513,16,16401
2/04/22,GT,Guatemala,AMRO,3872,698385,20,16421
2/05/22,GT,Guatemala,AMRO,3925,702310,25,16446
2/06/22,GT,Guatemala,AMRO,3304,705614,24,16470
2/07/22,GT,Guatemala,AMRO,4296,709910,25,16495
2/08/22,GT,Guatemala,AMRO,1166,711076,6,16501
2/09/22,GT,Guatemala,AMRO,981,712057,8,16509
2/10/22,GT,Guatemala,AMRO,4025,716082,18,16527
2/11/22,GT,Guatemala,AMRO,4720,720802,15,16542
2/12/22,GT,Guatemala,AMRO,4899,725701,35,16577
2/13/2022,GT,Guatemala,AMRO,4276,729977,34,16611
2/14/2022,GT,Guatemala,AMRO,3983,733960,16,16627
2/15/2022,GT,Guatemala,AMRO,1139,735099,10,16637
2/16/2022,GT,Guatemala,AMRO,858,735957,6,16643
2/17/2022,GT,Guatemala,AMRO,4054,740011,18,16661
2/18/2022,GT,Guatemala,AMRO,4743,744754,18,16679
2/19/2022,GT,Guatemala,AMRO,4503,749257,30,16709
2/20/2022,GT,Guatemala,AMRO,4024,753281,35,16744
2/21/2022,GT,Guatemala,AMRO,3319,756600,36,16780
2/22/2022,GT,Guatemala,AMRO,988,757588,7,16787
2/23/2022,GT,Guatemala,AMRO,715,758303,7,16794
2/24/2022,GT,Guatemala,AMRO,3793,762096,39,16833
2/25/2022,GT,Guatemala,AMRO,4379,766475,28,16861
2/26/2022,GT,Guatemala,AMRO,3660,770135,45,16906
2/27/2022,GT,Guatemala,AMRO,3440,773575,33,16939
2/28/2022,GT,Guatemala,AMRO,2687,776262,22,16961
3/01/22,GT,Guatemala,AMRO,729,776991,10,16971
3/02/22,GT,Guatemala,AMRO,679,777670,6,16977
3/03/22,GT,Guatemala,AMRO,3145,780815,33,17010
3/04/22,GT,Guatemala,AMRO,3209,784024,8,17018
3/05/22,GT,Guatemala,AMRO,2845,786869,11,17029
3/06/22,GT,Guatemala,AMRO,2485,789354,16,17045
3/07/22,GT,Guatemala,AMRO,2590,791944,28,17073
3/08/22,GT,Guatemala,AMRO,1017,792961,10,17083
3/09/22,GT,Guatemala,AMRO,2847,795808,23,17106
3/10/22,GT,Guatemala,AMRO,0,795808,0,17106
3/11/22,GT,Guatemala,AMRO,2592,798400,10,17116
3/12/22,GT,Guatemala,AMRO,2003,800403,11,17127
3/13/2022,GT,Guatemala,AMRO,2341,802744,12,17139
3/14/2022,GT,Guatemala,AMRO,1965,804709,5,17144
3/15/2022,GT,Guatemala,AMRO,321,805030,9,17153
3/16/2022,GT,Guatemala,AMRO,363,805393,6,17159
3/17/2022,GT,Guatemala,AMRO,2060,807453,11,17170
3/18/2022,GT,Guatemala,AMRO,2133,809586,8,17178
3/19/2022,GT,Guatemala,AMRO,2539,812125,13,17191
3/20/2022,GT,Guatemala,AMRO,1986,814111,15,17206
3/21/2022,GT,Guatemala,AMRO,1665,815776,25,17231
3/22/2022,GT,Guatemala,AMRO,360,816136,7,17238
3/23/2022,GT,Guatemala,AMRO,2318,818454,15,17253
3/24/2022,GT,Guatemala,AMRO,2023,820477,5,17258
3/25/2022,GT,Guatemala,AMRO,0,820477,0,17258
3/26/2022,GT,Guatemala,AMRO,1357,821834,9,17267
3/27/2022,GT,Guatemala,AMRO,1311,823145,7,17274
3/28/2022,GT,Guatemala,AMRO,1014,824159,4,17278
3/29/2022,GT,Guatemala,AMRO,343,824502,7,17285
3/30/2022,GT,Guatemala,AMRO,142,824644,4,17289
3/31/2022,GT,Guatemala,AMRO,1417,826061,6,17295
4/01/22,GT,Guatemala,AMRO,1535,827596,5,17300
4/02/22,GT,Guatemala,AMRO,1278,828874,12,17312
4/03/22,GT,Guatemala,AMRO,1007,829881,6,17318
4/04/22,GT,Guatemala,AMRO,864,830745,7,17325
4/05/22,GT,Guatemala,AMRO,188,830933,2,17327
4/06/22,GT,Guatemala,AMRO,216,831149,2,17329
4/07/22,GT,Guatemala,AMRO,1010,832159,9,17338
4/08/22,GT,Guatemala,AMRO,797,832956,12,17350
4/09/22,GT,Guatemala,AMRO,767,833723,11,17361
4/10/22,GT,Guatemala,AMRO,758,834481,6,17367
4/11/22,GT,Guatemala,AMRO,732,835213,6,17373
4/12/22,GT,Guatemala,AMRO,125,835338,4,17377
4/13/2022,GT,Guatemala,AMRO,87,835425,2,17379
4/14/2022,GT,Guatemala,AMRO,809,836234,21,17400
4/15/2022,GT,Guatemala,AMRO,853,837087,11,17411
4/16/2022,GT,Guatemala,AMRO,239,837326,5,17416
4/17/2022,GT,Guatemala,AMRO,51,837377,6,17422
4/18/2022,GT,Guatemala,AMRO,115,837492,5,17427
4/19/2022,GT,Guatemala,AMRO,116,837608,7,17434
4/20/2022,GT,Guatemala,AMRO,910,838518,11,17445
4/21/2022,GT,Guatemala,AMRO,898,839416,12,17457
4/22/2022,GT,Guatemala,AMRO,1061,840477,18,17475
4/23/2022,GT,Guatemala,AMRO,0,840477,0,17475
4/24/2022,GT,Guatemala,AMRO,864,841341,21,17496
4/25/2022,GT,Guatemala,AMRO,1028,842369,18,17514
4/26/2022,GT,Guatemala,AMRO,203,842572,6,17520
4/27/2022,GT,Guatemala,AMRO,81,842653,5,17525
4/28/2022,GT,Guatemala,AMRO,616,843269,9,17534
4/29/2022,GT,Guatemala,AMRO,790,844059,4,17538
4/30/2022,GT,Guatemala,AMRO,930,844989,7,17545
5/01/22,GT,Guatemala,AMRO,879,845868,21,17566
5/02/22,GT,Guatemala,AMRO,678,846546,18,17584
5/03/22,GT,Guatemala,AMRO,65,846611,16,17600
5/04/22,GT,Guatemala,AMRO,21,846632,13,17613
5/05/22,GT,Guatemala,AMRO,153,846785,9,17622
5/06/22,GT,Guatemala,AMRO,706,847491,14,17636
5/07/22,GT,Guatemala,AMRO,1316,848807,47,17683
5/08/22,GT,Guatemala,AMRO,0,848807,0,17683
5/09/22,GT,Guatemala,AMRO,610,849417,15,17698
5/10/22,GT,Guatemala,AMRO,78,849495,1,17699
5/11/22,GT,Guatemala,AMRO,57,849552,4,17703
5/12/22,GT,Guatemala,AMRO,703,850255,16,17719
5/13/2022,GT,Guatemala,AMRO,458,850713,23,17742
5/14/2022,GT,Guatemala,AMRO,502,851215,30,17772
5/15/2022,GT,Guatemala,AMRO,662,851877,20,17792
5/16/2022,GT,Guatemala,AMRO,555,852432,25,17817
5/17/2022,GT,Guatemala,AMRO,71,852503,5,17822
5/18/2022,GT,Guatemala,AMRO,88,852591,7,17829
5/19/2022,GT,Guatemala,AMRO,689,853280,13,17842
5/20/2022,GT,Guatemala,AMRO,794,854074,22,17864
5/21/2022,GT,Guatemala,AMRO,817,854891,28,17892
5/22/2022,GT,Guatemala,AMRO,911,855802,31,17923
5/23/2022,GT,Guatemala,AMRO,574,856376,19,17942
5/24/2022,GT,Guatemala,AMRO,120,856496,12,17954
5/25/2022,GT,Guatemala,AMRO,80,856576,15,17969
5/26/2022,GT,Guatemala,AMRO,621,857197,22,17991
5/27/2022,GT,Guatemala,AMRO,818,858015,33,18024
5/28/2022,GT,Guatemala,AMRO,614,858629,23,18047
5/29/2022,GT,Guatemala,AMRO,682,859311,37,18084
5/30/2022,GT,Guatemala,AMRO,695,860006,24,18108
5/31/2022,GT,Guatemala,AMRO,92,860098,9,18117
6/01/22,GT,Guatemala,AMRO,71,860169,14,18131
6/02/22,GT,Guatemala,AMRO,833,861002,21,18152
6/03/22,GT,Guatemala,AMRO,914,861916,16,18168
6/04/22,GT,Guatemala,AMRO,840,862756,10,18178
6/05/22,GT,Guatemala,AMRO,839,863595,18,18196
6/06/22,GT,Guatemala,AMRO,965,864560,12,18208
6/07/22,GT,Guatemala,AMRO,102,864662,11,18219
6/08/22,GT,Guatemala,AMRO,106,864768,5,18224
6/09/22,GT,Guatemala,AMRO,1132,865900,10,18234
6/10/22,GT,Guatemala,AMRO,1401,867301,10,18244
6/11/22,GT,Guatemala,AMRO,1059,868360,12,18256
6/12/22,GT,Guatemala,AMRO,1285,869645,14,18270
6/13/2022,GT,Guatemala,AMRO,1252,870897,12,18282
6/14/2022,GT,Guatemala,AMRO,215,871112,5,18287
6/15/2022,GT,Guatemala,AMRO,151,871263,6,18293
6/16/2022,GT,Guatemala,AMRO,1525,872788,16,18309
6/17/2022,GT,Guatemala,AMRO,2138,874926,15,18324
6/18/2022,GT,Guatemala,AMRO,1573,876499,27,18351
6/19/2022,GT,Guatemala,AMRO,1902,878401,20,18371
6/20/2022,GT,Guatemala,AMRO,1768,880169,22,18393
6/21/2022,GT,Guatemala,AMRO,298,880467,8,18401
6/22/2022,GT,Guatemala,AMRO,248,880715,13,18414
6/23/2022,GT,Guatemala,AMRO,0,880715,0,18414
6/24/2022,GT,Guatemala,AMRO,6032,886747,21,18435
6/25/2022,GT,Guatemala,AMRO,3166,889913,21,18456
6/26/2022,GT,Guatemala,AMRO,3158,893071,13,18469
6/27/2022,GT,Guatemala,AMRO,3062,896133,22,18491
6/28/2022,GT,Guatemala,AMRO,717,896850,6,18497
6/29/2022,GT,Guatemala,AMRO,612,897462,7,18504
6/30/2022,GT,Guatemala,AMRO,3838,901300,12,18516
7/01/22,GT,Guatemala,AMRO,4342,905642,19,18535
7/02/22,GT,Guatemala,AMRO,5072,910714,26,18561
7/03/22,GT,Guatemala,AMRO,4607,915321,11,18572
7/04/22,GT,Guatemala,AMRO,3476,918797,19,18591
7/05/22,GT,Guatemala,AMRO,1497,920294,9,18600
7/06/22,GT,Guatemala,AMRO,852,921146,16,18616
7/07/22,GT,Guatemala,AMRO,1194,922340,12,18628
7/08/22,GT,Guatemala,AMRO,5133,927473,20,18648
7/09/22,GT,Guatemala,AMRO,5786,933259,18,18666
7/10/22,GT,Guatemala,AMRO,6041,939300,12,18678
7/11/22,GT,Guatemala,AMRO,5693,944993,28,18706
7/12/22,GT,Guatemala,AMRO,2479,947472,9,18715
7/13/2022,GT,Guatemala,AMRO,1277,948749,10,18725
7/14/2022,GT,Guatemala,AMRO,6621,955370,23,18748
7/15/2022,GT,Guatemala,AMRO,7747,963117,8,18756
7/16/2022,GT,Guatemala,AMRO,7504,970621,12,18768
7/17/2022,GT,Guatemala,AMRO,6918,977539,14,18782
7/18/2022,GT,Guatemala,AMRO,5269,982808,31,18813
7/19/2022,GT,Guatemala,AMRO,1669,984477,9,18822
7/20/2022,GT,Guatemala,AMRO,768,985245,17,18839
7/21/2022,GT,Guatemala,AMRO,6012,991257,12,18851
7/22/2022,GT,Guatemala,AMRO,6723,997980,9,18860
7/23/2022,GT,Guatemala,AMRO,6331,1004311,21,18881
7/24/2022,GT,Guatemala,AMRO,0,1004311,0,18881
7/25/2022,GT,Guatemala,AMRO,0,1004311,0,18881
7/26/2022,GT,Guatemala,AMRO,12355,1016666,53,18934
7/27/2022,GT,Guatemala,AMRO,876,1017542,6,18940
7/28/2022,GT,Guatemala,AMRO,5349,1022891,13,18953
7/29/2022,GT,Guatemala,AMRO,4914,1027805,19,18972
7/30/2022,GT,Guatemala,AMRO,5097,1032902,15,18987
7/31/2022,GT,Guatemala,AMRO,4849,1037751,18,19005
8/01/22,GT,Guatemala,AMRO,3523,1041274,22,19027
8/02/22,GT,Guatemala,AMRO,1102,1042376,10,19037
8/03/22,GT,Guatemala,AMRO,216,1042592,0,19037
8/04/22,GT,Guatemala,AMRO,2323,1044915,27,19064
8/05/22,GT,Guatemala,AMRO,3278,1048193,6,19070
8/06/22,GT,Guatemala,AMRO,3205,1051398,12,19082
8/07/22,GT,Guatemala,AMRO,2729,1054127,14,19096
8/08/22,GT,Guatemala,AMRO,2491,1056618,18,19114
8/09/22,GT,Guatemala,AMRO,671,1057289,10,19124
8/10/22,GT,Guatemala,AMRO,405,1057694,6,19130
8/11/22,GT,Guatemala,AMRO,3020,1060714,10,19140
8/12/22,GT,Guatemala,AMRO,3194,1063908,13,19153
8/13/2022,GT,Guatemala,AMRO,3698,1067606,20,19173
8/14/2022,GT,Guatemala,AMRO,2720,1070326,32,19205
8/15/2022,GT,Guatemala,AMRO,1915,1072241,18,19223
8/16/2022,GT,Guatemala,AMRO,349,1072590,7,19230
8/17/2022,GT,Guatemala,AMRO,143,1072733,10,19240
8/18/2022,GT,Guatemala,AMRO,1781,1074514,12,19252
8/19/2022,GT,Guatemala,AMRO,3322,1077836,9,19261
8/20/2022,GT,Guatemala,AMRO,5089,1082925,48,19309
8/21/2022,GT,Guatemala,AMRO,2193,1085118,30,19339
8/22/2022,GT,Guatemala,AMRO,209,1085327,6,19345
8/23/2022,GT,Guatemala,AMRO,129,1085456,7,19352
8/24/2022,GT,Guatemala,AMRO,2824,1088280,17,19369
8/25/2022,GT,Guatemala,AMRO,0,1088280,0,19369
8/26/2022,GT,Guatemala,AMRO,4265,1092545,80,19449
8/27/2022,GT,Guatemala,AMRO,2027,1094572,2,19451
8/28/2022,GT,Guatemala,AMRO,1958,1096530,0,19451
8/29/2022,GT,Guatemala,AMRO,1033,1097563,0,19451
8/30/2022,GT,Guatemala,AMRO,0,1097563,0,19451
8/31/2022,GT,Guatemala,AMRO,764,1098327,9,19460
9/01/22,GT,Guatemala,AMRO,2110,1100437,12,19472
9/02/22,GT,Guatemala,AMRO,1517,1101954,18,19490
9/03/22,GT,Guatemala,AMRO,1652,1103606,24,19514
9/04/22,GT,Guatemala,AMRO,930,1104536,53,19567
9/05/22,GT,Guatemala,AMRO,306,1104842,0,19567
9/06/22,GT,Guatemala,AMRO,67,1104909,0,19567
9/07/22,GT,Guatemala,AMRO,127,1105036,0,19567
9/08/22,GT,Guatemala,AMRO,1117,1106153,17,19584
9/09/22,GT,Guatemala,AMRO,0,1106153,0,19584
9/10/22,GT,Guatemala,AMRO,3787,1109940,81,19665
9/11/22,GT,Guatemala,AMRO,1033,1110973,0,19665
9/12/22,GT,Guatemala,AMRO,70,1111043,0,19665
9/13/2022,GT,Guatemala,AMRO,0,1111043,0,19665
9/14/2022,GT,Guatemala,AMRO,1507,1112550,19,19684
9/15/2022,GT,Guatemala,AMRO,0,1112550,0,19684
9/16/2022,GT,Guatemala,AMRO,1321,1113871,4,19688
9/17/2022,GT,Guatemala,AMRO,887,1114758,10,19698
9/18/2022,GT,Guatemala,AMRO,45,1114803,4,19702
9/19/2022,GT,Guatemala,AMRO,110,1114913,4,19706
9/20/2022,GT,Guatemala,AMRO,38,1114951,8,19714
9/21/2022,GT,Guatemala,AMRO,40,1114991,8,19722
9/22/2022,GT,Guatemala,AMRO,1055,1116046,10,19732
9/23/2022,GT,Guatemala,AMRO,1318,1117364,5,19737
9/24/2022,GT,Guatemala,AMRO,928,1118292,8,19745
9/25/2022,GT,Guatemala,AMRO,985,1119277,3,19748
9/26/2022,GT,Guatemala,AMRO,707,1119984,9,19757
9/27/2022,GT,Guatemala,AMRO,157,1120141,8,19765
9/28/2022,GT,Guatemala,AMRO,58,1120199,7,19772
9/29/2022,GT,Guatemala,AMRO,1032,1121231,3,19775
9/30/2022,GT,Guatemala,AMRO,1286,1122517,4,19779
10/01/22,GT,Guatemala,AMRO,948,1123465,10,19789
10/02/22,GT,Guatemala,AMRO,1002,1124467,6,19795
10/03/22,GT,Guatemala,AMRO,0,1124467,0,19795
10/04/22,GT,Guatemala,AMRO,738,1125205,9,19804
10/05/22,GT,Guatemala,AMRO,82,1125287,4,19808
10/06/22,GT,Guatemala,AMRO,927,1126214,3,19811
10/07/22,GT,Guatemala,AMRO,1728,1127942,8,19819
10/08/22,GT,Guatemala,AMRO,0,1127942,0,19819
10/09/22,GT,Guatemala,AMRO,773,1128715,5,19824
10/10/22,GT,Guatemala,AMRO,384,1129099,6,19830
10/11/22,GT,Guatemala,AMRO,349,1129448,3,19833
10/12/22,GT,Guatemala,AMRO,94,1129542,3,19836
10/13/2022,GT,Guatemala,AMRO,560,1130102,4,19840
10/14/2022,GT,Guatemala,AMRO,727,1130829,4,19844
10/15/2022,GT,Guatemala,AMRO,837,1131666,2,19846
10/16/2022,GT,Guatemala,AMRO,1026,1132692,2,19848
10/17/2022,GT,Guatemala,AMRO,675,1133367,3,19851
10/18/2022,GT,Guatemala,AMRO,54,1133421,1,19852
10/19/2022,GT,Guatemala,AMRO,96,1133517,2,19854
10/20/2022,GT,Guatemala,AMRO,732,1134249,5,19859
10/21/2022,GT,Guatemala,AMRO,698,1134947,2,19861
10/22/2022,GT,Guatemala,AMRO,743,1135690,1,19862
10/23/2022,GT,Guatemala,AMRO,0,1135690,0,19862
10/24/2022,GT,Guatemala,AMRO,837,1136527,4,19866
10/25/2022,GT,Guatemala,AMRO,149,1136676,3,19869
10/26/2022,GT,Guatemala,AMRO,185,1136861,2,19871
10/27/2022,GT,Guatemala,AMRO,651,1137512,4,19875
10/28/2022,GT,Guatemala,AMRO,730,1138242,3,19878
10/29/2022,GT,Guatemala,AMRO,1032,1139274,2,19880
10/30/2022,GT,Guatemala,AMRO,571,1139845,2,19882
10/31/2022,GT,Guatemala,AMRO,537,1140382,3,19885
11/01/22,GT,Guatemala,AMRO,65,1140447,1,19886
11/02/22,GT,Guatemala,AMRO,52,1140499,2,19888
11/03/22,GT,Guatemala,AMRO,103,1140602,4,19892
11/04/22,GT,Guatemala,AMRO,70,1140672,3,19895
11/05/22,GT,Guatemala,AMRO,618,1141290,2,19897
11/06/22,GT,Guatemala,AMRO,648,1141938,4,19901
11/07/22,GT,Guatemala,AMRO,532,1142470,4,19905
11/08/22,GT,Guatemala,AMRO,51,1142521,1,19906
11/09/22,GT,Guatemala,AMRO,697,1143218,4,19910
11/10/22,GT,Guatemala,AMRO,0,1143218,0,19910
11/11/22,GT,Guatemala,AMRO,479,1143697,3,19913
11/12/22,GT,Guatemala,AMRO,661,1144358,2,19915
11/13/2022,GT,Guatemala,AMRO,413,1144771,1,19916
11/14/2022,GT,Guatemala,AMRO,445,1145216,4,19920
11/15/2022,GT,Guatemala,AMRO,158,1145374,2,19922
11/16/2022,GT,Guatemala,AMRO,122,1145496,1,19923
11/17/2022,GT,Guatemala,AMRO,559,1146055,1,19924
11/18/2022,GT,Guatemala,AMRO,1015,1147070,10,19934
11/19/2022,GT,Guatemala,AMRO,0,1147070,0,19934
11/20/2022,GT,Guatemala,AMRO,629,1147699,2,19936
11/21/2022,GT,Guatemala,AMRO,554,1148253,1,19937
11/22/2022,GT,Guatemala,AMRO,183,1148436,1,19938
11/23/2022,GT,Guatemala,AMRO,178,1148614,1,19939
11/24/2022,GT,Guatemala,AMRO,845,1149459,1,19940
11/25/2022,GT,Guatemala,AMRO,941,1150400,2,19942
11/26/2022,GT,Guatemala,AMRO,1182,1151582,1,19943
11/27/2022,GT,Guatemala,AMRO,1216,1152798,1,19944
11/28/2022,GT,Guatemala,AMRO,846,1153644,2,19946
11/29/2022,GT,Guatemala,AMRO,341,1153985,2,19948
11/30/2022,GT,Guatemala,AMRO,226,1154211,1,19949
12/01/22,GT,Guatemala,AMRO,1066,1155277,1,19950
12/02/22,GT,Guatemala,AMRO,1191,1156468,1,19951
12/03/22,GT,Guatemala,AMRO,1075,1157543,1,19952
12/04/22,GT,Guatemala,AMRO,955,1158498,1,19953
12/05/22,GT,Guatemala,AMRO,1207,1159705,1,19954
12/06/22,GT,Guatemala,AMRO,0,1159705,0,19954
12/07/22,GT,Guatemala,AMRO,658,1160363,3,19957
12/08/22,GT,Guatemala,AMRO,1620,1161983,1,19958
12/09/22,GT,Guatemala,AMRO,2257,1164240,1,19959
12/10/22,GT,Guatemala,AMRO,2422,1166662,1,19960
12/11/22,GT,Guatemala,AMRO,1973,1168635,1,19961
12/12/22,GT,Guatemala,AMRO,1950,1170585,1,19962
12/13/2022,GT,Guatemala,AMRO,927,1171512,1,19963
12/14/2022,GT,Guatemala,AMRO,637,1172149,1,19964
12/15/2022,GT,Guatemala,AMRO,2299,1174448,2,19966
12/16/2022,GT,Guatemala,AMRO,2640,1177088,3,19969
12/17/2022,GT,Guatemala,AMRO,2721,1179809,4,19973
12/18/2022,GT,Guatemala,AMRO,2483,1182292,4,19977
12/19/2022,GT,Guatemala,AMRO,1855,1184147,5,19982
12/20/2022,GT,Guatemala,AMRO,607,1184754,1,19983
12/21/2022,GT,Guatemala,AMRO,336,1185090,1,19984
12/22/2022,GT,Guatemala,AMRO,2819,1187909,2,19986
12/23/2022,GT,Guatemala,AMRO,2701,1190610,1,19987
12/24/2022,GT,Guatemala,AMRO,2781,1193391,2,19989
12/25/2022,GT,Guatemala,AMRO,2253,1195644,1,19990
12/26/2022,GT,Guatemala,AMRO,1081,1196725,2,19992
12/27/2022,GT,Guatemala,AMRO,195,1196920,1,19993
12/28/2022,GT,Guatemala,AMRO,138,1197058,1,19994
12/29/2022,GT,Guatemala,AMRO,550,1197608,1,19995
12/30/2022,GT,Guatemala,AMRO,1735,1199343,2,19997
12/31/2022,GT,Guatemala,AMRO,2308,1201651,1,19998
1/01/23,GT,Guatemala,AMRO,1729,1203380,2,20000
1/02/23,GT,Guatemala,AMRO,752,1204132,1,20001
1/03/23,GT,Guatemala,AMRO,168,1204300,1,20002
1/04/23,GT,Guatemala,AMRO,128,1204428,1,20003
1/05/23,GT,Guatemala,AMRO,432,1204860,1,20004
1/06/23,GT,Guatemala,AMRO,0,1204860,0,20004
1/07/23,GT,Guatemala,AMRO,3054,1207914,3,20007
1/08/23,GT,Guatemala,AMRO,0,1207914,0,20007
1/09/23,GT,Guatemala,AMRO,1567,1209481,3,20010
1/10/23,GT,Guatemala,AMRO,1733,1211214,8,20018
1/11/23,GT,Guatemala,AMRO,207,1211421,2,20020
1/12/23,GT,Guatemala,AMRO,0,1211421,0,20020
1/13/2023,GT,Guatemala,AMRO,0,1211421,0,20020
1/14/2023,GT,Guatemala,AMRO,0,1211421,0,20020
1/15/2023,GT,Guatemala,AMRO,6018,1217439,25,20045
1/16/2023,GT,Guatemala,AMRO,853,1218292,5,20050
1/17/2023,GT,Guatemala,AMRO,179,1218471,4,20054
1/18/2023,GT,Guatemala,AMRO,221,1218692,2,20056
1/19/2023,GT,Guatemala,AMRO,729,1219421,3,20059
1/20/2023,GT,Guatemala,AMRO,782,1220203,4,20063
1/21/2023,GT,Guatemala,AMRO,1050,1221253,1,20064
1/22/2023,GT,Guatemala,AMRO,756,1222009,5,20069
1/23/2023,GT,Guatemala,AMRO,690,1222699,3,20072
1/24/2023,GT,Guatemala,AMRO,243,1222942,2,20074
1/25/2023,GT,Guatemala,AMRO,173,1223115,5,20079
1/26/2023,GT,Guatemala,AMRO,1025,1224140,2,20081
1/27/2023,GT,Guatemala,AMRO,837,1224977,3,20084
1/28/2023,GT,Guatemala,AMRO,829,1225806,4,20088
1/29/2023,GT,Guatemala,AMRO,723,1226529,4,20092
1/30/2023,GT,Guatemala,AMRO,422,1226951,4,20096
1/31/2023,GT,Guatemala,AMRO,73,1227024,2,20098
2/01/23,GT,Guatemala,AMRO,18,1227042,3,20101
2/02/23,GT,Guatemala,AMRO,811,1227853,5,20106
2/03/23,GT,Guatemala,AMRO,490,1228343,4,20110
2/04/23,GT,Guatemala,AMRO,431,1228774,4,20114
2/05/23,GT,Guatemala,AMRO,399,1229173,6,20120
2/06/23,GT,Guatemala,AMRO,387,1229560,5,20125
2/07/23,GT,Guatemala,AMRO,36,1229596,3,20128
2/08/23,GT,Guatemala,AMRO,15,1229611,2,20130
2/09/23,GT,Guatemala,AMRO,487,1230098,4,20134
2/10/23,GT,Guatemala,AMRO,452,1230550,3,20137
2/11/23,GT,Guatemala,AMRO,384,1230934,2,20139
2/12/23,GT,Guatemala,AMRO,573,1231507,3,20142
2/13/2023,GT,Guatemala,AMRO,413,1231920,4,20146
2/14/2023,GT,Guatemala,AMRO,50,1231970,3,20149
2/15/2023,GT,Guatemala,AMRO,18,1231988,2,20151
2/16/2023,GT,Guatemala,AMRO,429,1232417,1,20152
2/17/2023,GT,Guatemala,AMRO,268,1232685,1,20153
2/18/2023,GT,Guatemala,AMRO,488,1233173,1,20154
2/19/2023,GT,Guatemala,AMRO,406,1233579,1,20155
2/20/2023,GT,Guatemala,AMRO,374,1233953,1,20156
2/21/2023,GT,Guatemala,AMRO,92,1234045,1,20157
2/22/2023,GT,Guatemala,AMRO,24,1234069,1,20158
2/23/2023,GT,Guatemala,AMRO,406,1234475,1,20159
2/24/2023,GT,Guatemala,AMRO,368,1234843,1,20160
2/25/2023,GT,Guatemala,AMRO,239,1235082,3,20163
2/26/2023,GT,Guatemala,AMRO,365,1235447,2,20165
2/27/2023,GT,Guatemala,AMRO,471,1235918,2,20167
2/28/2023,GT,Guatemala,AMRO,52,1235970,1,20168
3/01/23,GT,Guatemala,AMRO,26,1235996,1,20169
3/02/23,GT,Guatemala,AMRO,410,1236406,4,20173
3/03/23,GT,Guatemala,AMRO,372,1236778,3,20176
3/04/23,GT,Guatemala,AMRO,308,1237086,0,20176
3/05/23,GT,Guatemala,AMRO,249,1237335,1,20177
3/06/23,GT,Guatemala,AMRO,215,1237550,1,20178
3/07/23,GT,Guatemala,AMRO,14,1237564,0,20178
3/08/23,GT,Guatemala,AMRO,11,1237575,0,20178
3/09/23,GT,Guatemala,AMRO,214,1237789,2,20180
3/10/23,GT,Guatemala,AMRO,260,1238049,2,20182
3/11/23,GT,Guatemala,AMRO,198,1238247,0,20182
3/12/23,GT,Guatemala,AMRO,342,1238589,0,20182
3/13/2023,GT,Guatemala,AMRO,310,1238899,0,20182
3/14/2023,GT,Guatemala,AMRO,34,1238933,0,20182
3/15/2023,GT,Guatemala,AMRO,17,1238950,0,20182
3/16/2023,GT,Guatemala,AMRO,391,1239341,0,20182
3/17/2023,GT,Guatemala,AMRO,311,1239652,1,20183
3/18/2023,GT,Guatemala,AMRO,428,1240080,0,20183
3/19/2023,GT,Guatemala,AMRO,300,1240380,0,20183
3/20/2023,GT,Guatemala,AMRO,371,1240751,0,20183
3/21/2023,GT,Guatemala,AMRO,265,1241016,0,20183
3/22/2023,GT,Guatemala,AMRO,6,1241022,0,20183
3/23/2023,GT,Guatemala,AMRO,402,1241424,1,20184
3/24/2023,GT,Guatemala,AMRO,282,1241706,0,20184
3/25/2023,GT,Guatemala,AMRO,556,1242262,0,20184
3/26/2023,GT,Guatemala,AMRO,0,1242262,0,20184
3/27/2023,GT,Guatemala,AMRO,943,1243205,0,20184
3/28/2023,GT,Guatemala,AMRO,267,1243472,0,20184
3/29/2023,GT,Guatemala,AMRO,12,1243484,0,20184
3/30/2023,GT,Guatemala,AMRO,452,1243936,1,20185
3/31/2023,GT,Guatemala,AMRO,419,1244355,1,20186
4/01/23,GT,Guatemala,AMRO,208,1244563,1,20187
4/02/23,GT,Guatemala,AMRO,249,1244812,0,20187
4/03/23,GT,Guatemala,AMRO,0,1244812,0,20187
4/04/23,GT,Guatemala,AMRO,0,1244812,0,20187
4/05/23,GT,Guatemala,AMRO,0,1244812,0,20187
4/06/23,GT,Guatemala,AMRO,0,1244812,0,20187
4/07/23,GT,Guatemala,AMRO,0,1244812,0,20187
4/08/23,GT,Guatemala,AMRO,0,1244812,0,20187
4/09/23,GT,Guatemala,AMRO,0,1244812,0,20187
4/10/23,GT,Guatemala,AMRO,0,1244812,0,20187
4/11/23,GT,Guatemala,AMRO,0,1244812,0,20187
4/12/23,GT,Guatemala,AMRO,0,1244812,0,20187
4/13/2023,GT,Guatemala,AMRO,0,1244812,0,20187
4/14/2023,GT,Guatemala,AMRO,0,1244812,0,20187
4/15/2023,GT,Guatemala,AMRO,0,1244812,0,20187
4/16/2023,GT,Guatemala,AMRO,1918,1246730,2,20189
4/17/2023,GT,Guatemala,AMRO,0,1246730,0,20189
4/18/2023,GT,Guatemala,AMRO,0,1246730,0,20189
4/19/2023,GT,Guatemala,AMRO,0,1246730,0,20189
4/20/2023,GT,Guatemala,AMRO,0,1246730,0,20189
4/21/2023,GT,Guatemala,AMRO,0,1246730,0,20189
4/22/2023,GT,Guatemala,AMRO,0,1246730,0,20189
4/23/2023,GT,Guatemala,AMRO,691,1247421,0,20189
4/24/2023,GT,Guatemala,AMRO,0,1247421,0,20189
4/25/2023,GT,Guatemala,AMRO,0,1247421,0,20189
4/26/2023,GT,Guatemala,AMRO,0,1247421,0,20189
4/27/2023,GT,Guatemala,AMRO,0,1247421,0,20189
4/28/2023,GT,Guatemala,AMRO,0,1247421,0,20189
4/29/2023,GT,Guatemala,AMRO,0,1247421,0,20189
4/30/2023,GT,Guatemala,AMRO,750,1248171,0,20189
5/01/23,GT,Guatemala,AMRO,0,1248171,0,20189
5/02/23,GT,Guatemala,AMRO,0,1248171,0,20189
5/03/23,GT,Guatemala,AMRO,0,1248171,0,20189
5/04/23,GT,Guatemala,AMRO,0,1248171,0,20189
5/05/23,GT,Guatemala,AMRO,0,1248171,0,20189
5/06/23,GT,Guatemala,AMRO,0,1248171,0,20189
5/07/23,GT,Guatemala,AMRO,652,1248823,7,20196
5/08/23,GT,Guatemala,AMRO,0,1248823,0,20196
5/09/23,GT,Guatemala,AMRO,0,1248823,0,20196
5/10/23,GT,Guatemala,AMRO,0,1248823,0,20196
5/11/23,GT,Guatemala,AMRO,0,1248823,0,20196
5/12/23,GT,Guatemala,AMRO,0,1248823,0,20196
5/13/2023,GT,Guatemala,AMRO,0,1248823,0,20196
5/14/2023,GT,Guatemala,AMRO,1445,1250268,3,20199
5/15/2023,GT,Guatemala,AMRO,0,1250268,0,20199
5/16/2023,GT,Guatemala,AMRO,0,1250268,0,20199
5/17/2023,GT,Guatemala,AMRO,0,1250268,0,20199
5/18/2023,GT,Guatemala,AMRO,0,1250268,0,20199
5/19/2023,GT,Guatemala,AMRO,0,1250268,0,20199
5/20/2023,GT,Guatemala,AMRO,0,1250268,0,20199
5/21/2023,GT,Guatemala,AMRO,818,1251086,0,20199
5/22/2023,GT,Guatemala,AMRO,0,1251086,0,20199
5/23/2023,GT,Guatemala,AMRO,0,1251086,0,20199
5/24/2023,GT,Guatemala,AMRO,0,1251086,0,20199
5/25/2023,GT,Guatemala,AMRO,0,1251086,0,20199
5/26/2023,GT,Guatemala,AMRO,0,1251086,0,20199
5/27/2023,GT,Guatemala,AMRO,0,1251086,0,20199
5/28/2023,GT,Guatemala,AMRO,1084,1252170,1,20200
5/29/2023,GT,Guatemala,AMRO,0,1252170,0,20200
5/30/2023,GT,Guatemala,AMRO,0,1252170,0,20200
5/31/2023,GT,Guatemala,AMRO,0,1252170,0,20200
6/01/23,GT,Guatemala,AMRO,0,1252170,0,20200
6/02/23,GT,Guatemala,AMRO,0,1252170,0,20200
6/03/23,GT,Guatemala,AMRO,0,1252170,0,20200
6/04/23,GT,Guatemala,AMRO,1109,1253279,2,20202
6/05/23,GT,Guatemala,AMRO,0,1253279,0,20202
6/06/23,GT,Guatemala,AMRO,0,1253279,0,20202
6/07/23,GT,Guatemala,AMRO,0,1253279,0,20202
6/08/23,GT,Guatemala,AMRO,0,1253279,0,20202
6/09/23,GT,Guatemala,AMRO,0,1253279,0,20202
6/10/23,GT,Guatemala,AMRO,0,1253279,0,20202
6/11/23,GT,Guatemala,AMRO,1874,1255153,2,20204
6/12/23,GT,Guatemala,AMRO,0,1255153,0,20204
6/13/2023,GT,Guatemala,AMRO,0,1255153,0,20204
6/14/2023,GT,Guatemala,AMRO,0,1255153,0,20204
6/15/2023,GT,Guatemala,AMRO,0,1255153,0,20204
6/16/2023,GT,Guatemala,AMRO,0,1255153,0,20204
6/17/2023,GT,Guatemala,AMRO,0,1255153,0,20204
6/18/2023,GT,Guatemala,AMRO,2091,1257244,1,20205
6/19/2023,GT,Guatemala,AMRO,0,1257244,0,20205
6/20/2023,GT,Guatemala,AMRO,0,1257244,0,20205
6/21/2023,GT,Guatemala,AMRO,0,1257244,0,20205
6/22/2023,GT,Guatemala,AMRO,0,1257244,0,20205
6/23/2023,GT,Guatemala,AMRO,0,1257244,0,20205
6/24/2023,GT,Guatemala,AMRO,0,1257244,0,20205
6/25/2023,GT,Guatemala,AMRO,2263,1259507,0,20205
6/26/2023,GT,Guatemala,AMRO,0,1259507,0,20205
6/27/2023,GT,Guatemala,AMRO,0,1259507,0,20205
6/28/2023,GT,Guatemala,AMRO,0,1259507,0,20205
6/29/2023,GT,Guatemala,AMRO,0,1259507,0,20205
6/30/2023,GT,Guatemala,AMRO,0,1259507,0,20205
7/01/23,GT,Guatemala,AMRO,0,1259507,0,20205
7/02/23,GT,Guatemala,AMRO,2024,1261531,3,20208
7/03/23,GT,Guatemala,AMRO,0,1261531,0,20208
7/04/23,GT,Guatemala,AMRO,0,1261531,0,20208
7/05/23,GT,Guatemala,AMRO,0,1261531,0,20208
7/06/23,GT,Guatemala,AMRO,0,1261531,0,20208
7/07/23,GT,Guatemala,AMRO,0,1261531,0,20208
7/08/23,GT,Guatemala,AMRO,0,1261531,0,20208
7/09/23,GT,Guatemala,AMRO,3043,1264574,4,20212
7/10/23,GT,Guatemala,AMRO,0,1264574,0,20212
7/11/23,GT,Guatemala,AMRO,0,1264574,0,20212
7/12/23,GT,Guatemala,AMRO,0,1264574,0,20212
7/13/2023,GT,Guatemala,AMRO,0,1264574,0,20212
7/14/2023,GT,Guatemala,AMRO,0,1264574,0,20212
7/15/2023,GT,Guatemala,AMRO,0,1264574,0,20212
7/16/2023,GT,Guatemala,AMRO,2354,1266928,7,20219
7/17/2023,GT,Guatemala,AMRO,0,1266928,0,20219
7/18/2023,GT,Guatemala,AMRO,0,1266928,0,20219
7/19/2023,GT,Guatemala,AMRO,0,1266928,0,20219
7/20/2023,GT,Guatemala,AMRO,0,1266928,0,20219
7/21/2023,GT,Guatemala,AMRO,0,1266928,0,20219
7/22/2023,GT,Guatemala,AMRO,0,1266928,0,20219
7/23/2023,GT,Guatemala,AMRO,2121,1269049,5,20224
7/24/2023,GT,Guatemala,AMRO,0,1269049,0,20224
7/25/2023,GT,Guatemala,AMRO,0,1269049,0,20224
7/26/2023,GT,Guatemala,AMRO,0,1269049,0,20224
7/27/2023,GT,Guatemala,AMRO,0,1269049,0,20224
7/28/2023,GT,Guatemala,AMRO,0,1269049,0,20224
7/29/2023,GT,Guatemala,AMRO,0,1269049,0,20224
7/30/2023,GT,Guatemala,AMRO,2012,1271061,11,20235
7/31/2023,GT,Guatemala,AMRO,0,1271061,0,20235
8/01/23,GT,Guatemala,AMRO,0,1271061,0,20235
8/02/23,GT,Guatemala,AMRO,0,1271061,0,20235
8/03/23,GT,Guatemala,AMRO,0,1271061,0,20235
8/04/23,GT,Guatemala,AMRO,0,1271061,0,20235
8/05/23,GT,Guatemala,AMRO,0,1271061,0,20235
8/06/23,GT,Guatemala,AMRO,0,1271061,0,20235
8/07/23,GT,Guatemala,AMRO,1,1271062,0,20235
8/08/23,GT,Guatemala,AMRO,0,1271062,0,20235
8/09/23,GT,Guatemala,AMRO,0,1271062,0,20235
8/10/23,GT,Guatemala,AMRO,0,1271062,0,20235
8/11/23,GT,Guatemala,AMRO,0,1271062,0,20235
8/12/23,GT,Guatemala,AMRO,0,1271062,0,20235
8/13/2023,GT,Guatemala,AMRO,0,1271062,0,20235
8/14/2023,GT,Guatemala,AMRO,4,1271066,0,20235
8/15/2023,GT,Guatemala,AMRO,0,1271066,0,20235
8/16/2023,GT,Guatemala,AMRO,0,1271066,0,20235
8/17/2023,GT,Guatemala,AMRO,0,1271066,0,20235
8/18/2023,GT,Guatemala,AMRO,0,1271066,0,20235
8/19/2023,GT,Guatemala,AMRO,0,1271066,0,20235
8/20/2023,GT,Guatemala,AMRO,0,1271066,0,20235
8/21/2023,GT,Guatemala,AMRO,1,1271067,0,20235
8/22/2023,GT,Guatemala,AMRO,0,1271067,0,20235
8/23/2023,GT,Guatemala,AMRO,0,1271067,0,20235
8/24/2023,GT,Guatemala,AMRO,0,1271067,0,20235
8/25/2023,GT,Guatemala,AMRO,0,1271067,0,20235
8/26/2023,GT,Guatemala,AMRO,0,1271067,0,20235
8/27/2023,GT,Guatemala,AMRO,0,1271067,0,20235
8/28/2023,GT,Guatemala,AMRO,2,1271069,0,20235
8/29/2023,GT,Guatemala,AMRO,0,1271069,0,20235
8/30/2023,GT,Guatemala,AMRO,0,1271069,0,20235
8/31/2023,GT,Guatemala,AMRO,0,1271069,0,20235
9/01/23,GT,Guatemala,AMRO,0,1271069,0,20235
9/02/23,GT,Guatemala,AMRO,0,1271069,0,20235
9/03/23,GT,Guatemala,AMRO,0,1271069,0,20235
9/04/23,GT,Guatemala,AMRO,1,1271070,0,20235
9/05/23,GT,Guatemala,AMRO,0,1271070,0,20235
9/06/23,GT,Guatemala,AMRO,0,1271070,0,20235
9/07/23,GT,Guatemala,AMRO,0,1271070,0,20235
9/08/23,GT,Guatemala,AMRO,0,1271070,0,20235
9/09/23,GT,Guatemala,AMRO,0,1271070,0,20235
9/10/23,GT,Guatemala,AMRO,0,1271070,0,20235
9/11/23,GT,Guatemala,AMRO,0,1271070,0,20235
9/12/23,GT,Guatemala,AMRO,0,1271070,0,20235
9/13/2023,GT,Guatemala,AMRO,0,1271070,0,20235
9/14/2023,GT,Guatemala,AMRO,0,1271070,0,20235
9/15/2023,GT,Guatemala,AMRO,0,1271070,0,20235
9/16/2023,GT,Guatemala,AMRO,0,1271070,0,20235
9/17/2023,GT,Guatemala,AMRO,0,1271070,0,20235
9/18/2023,GT,Guatemala,AMRO,0,1271070,0,20235
9/19/2023,GT,Guatemala,AMRO,0,1271070,0,20235
9/20/2023,GT,Guatemala,AMRO,0,1271070,0,20235
9/21/2023,GT,Guatemala,AMRO,0,1271070,0,20235
9/22/2023,GT,Guatemala,AMRO,0,1271070,0,20235
9/23/2023,GT,Guatemala,AMRO,0,1271070,0,20235
9/24/2023,GT,Guatemala,AMRO,0,1271070,0,20235
9/25/2023,GT,Guatemala,AMRO,0,1271070,0,20235
9/26/2023,GT,Guatemala,AMRO,0,1271070,0,20235
9/27/2023,GT,Guatemala,AMRO,0,1271070,0,20235
9/28/2023,GT,Guatemala,AMRO,0,1271070,0,20235
9/29/2023,GT,Guatemala,AMRO,0,1271070,0,20235
9/30/2023,GT,Guatemala,AMRO,0,1271070,0,20235
10/01/23,GT,Guatemala,AMRO,0,1271070,0,20235
10/02/23,GT,Guatemala,AMRO,0,1271070,0,20235
10/03/23,GT,Guatemala,AMRO,0,1271070,0,20235
10/04/23,GT,Guatemala,AMRO,0,1271070,0,20235
10/05/23,GT,Guatemala,AMRO,0,1271070,0,20235
10/06/23,GT,Guatemala,AMRO,0,1271070,0,20235
10/07/23,GT,Guatemala,AMRO,0,1271070,0,20235
10/08/23,GT,Guatemala,AMRO,0,1271070,0,20235
10/09/23,GT,Guatemala,AMRO,0,1271070,0,20235
10/10/23,GT,Guatemala,AMRO,0,1271070,0,20235
10/11/23,GT,Guatemala,AMRO,0,1271070,0,20235
10/12/23,GT,Guatemala,AMRO,0,1271070,0,20235
10/13/2023,GT,Guatemala,AMRO,0,1271070,0,20235
10/14/2023,GT,Guatemala,AMRO,0,1271070,0,20235
10/15/2023,GT,Guatemala,AMRO,0,1271070,0,20235
10/16/2023,GT,Guatemala,AMRO,0,1271070,0,20235
10/17/2023,GT,Guatemala,AMRO,0,1271070,0,20235
10/18/2023,GT,Guatemala,AMRO,0,1271070,0,20235
10/19/2023,GT,Guatemala,AMRO,0,1271070,0,20235
10/20/2023,GT,Guatemala,AMRO,0,1271070,0,20235
10/21/2023,GT,Guatemala,AMRO,0,1271070,0,20235
10/22/2023,GT,Guatemala,AMRO,0,1271070,0,20235
10/23/2023,GT,Guatemala,AMRO,0,1271070,0,20235
10/24/2023,GT,Guatemala,AMRO,0,1271070,0,20235
10/25/2023,GT,Guatemala,AMRO,0,1271070,0,20235
10/26/2023,GT,Guatemala,AMRO,0,1271070,0,20235
10/27/2023,GT,Guatemala,AMRO,0,1271070,0,20235
10/28/2023,GT,Guatemala,AMRO,0,1271070,0,20235
10/29/2023,GT,Guatemala,AMRO,0,1271070,0,20235
10/30/2023,GT,Guatemala,AMRO,0,1271070,0,20235
10/31/2023,GT,Guatemala,AMRO,0,1271070,0,20235
11/01/23,GT,Guatemala,AMRO,0,1271070,0,20235
11/02/23,GT,Guatemala,AMRO,0,1271070,0,20235
11/03/23,GT,Guatemala,AMRO,0,1271070,0,20235
11/04/23,GT,Guatemala,AMRO,0,1271070,0,20235
11/05/23,GT,Guatemala,AMRO,0,1271070,0,20235
11/06/23,GT,Guatemala,AMRO,0,1271070,0,20235
11/07/23,GT,Guatemala,AMRO,0,1271070,0,20235
11/08/23,GT,Guatemala,AMRO,0,1271070,0,20235
11/09/23,GT,Guatemala,AMRO,0,1271070,0,20235
11/10/23,GT,Guatemala,AMRO,0,1271070,0,20235
11/11/23,GT,Guatemala,AMRO,0,1271070,0,20235
11/12/23,GT,Guatemala,AMRO,0,1271070,0,20235
11/13/2023,GT,Guatemala,AMRO,0,1271070,0,20235
11/14/2023,GT,Guatemala,AMRO,0,1271070,0,20235
11/15/2023,GT,Guatemala,AMRO,0,1271070,0,20235
11/16/2023,GT,Guatemala,AMRO,0,1271070,0,20235
